state_id,w2_pos_30_q1_f,w2_pos_30_q1_m,w2_pos_30_q2_f,w2_pos_30_q2_m,w2_pos_30_q3_f,w2_pos_30_q3_m,w2_pos_30_q4_f,w2_pos_30_q4_m,w2_pos_30_q5_f,w2_pos_30_q5_m,w2_pos_30_var_q1_f,w2_pos_30_var_q1_m,w2_pos_30_var_q2_f,w2_pos_30_var_q2_m,w2_pos_30_var_q3_f,w2_pos_30_var_q3_m,w2_pos_30_var_q4_f,w2_pos_30_var_q4_m,w2_pos_30_var_q5_f,w2_pos_30_var_q5_m,w2_pos_30_q1_f_sp,w2_pos_30_q1_m_sp,w2_pos_30_q2_f_sp,w2_pos_30_q2_m_sp,w2_pos_30_q3_f_sp,w2_pos_30_q3_m_sp,w2_pos_30_q4_f_sp,w2_pos_30_q4_m_sp,w2_pos_30_q5_f_sp,w2_pos_30_q5_m_sp,w2_pos_30_var_q1_f_sp,w2_pos_30_var_q1_m_sp,w2_pos_30_var_q2_f_sp,w2_pos_30_var_q2_m_sp,w2_pos_30_var_q3_f_sp,w2_pos_30_var_q3_m_sp,w2_pos_30_var_q4_f_sp,w2_pos_30_var_q4_m_sp,w2_pos_30_var_q5_f_sp,w2_pos_30_var_q5_m_sp,w2_pos_30_q1_f_tp,w2_pos_30_q1_m_tp,w2_pos_30_q2_f_tp,w2_pos_30_q2_m_tp,w2_pos_30_q3_f_tp,w2_pos_30_q3_m_tp,w2_pos_30_q4_f_tp,w2_pos_30_q4_m_tp,w2_pos_30_q5_f_tp,w2_pos_30_q5_m_tp,w2_pos_30_var_q1_f_tp,w2_pos_30_var_q1_m_tp,w2_pos_30_var_q2_f_tp,w2_pos_30_var_q2_m_tp,w2_pos_30_var_q3_f_tp,w2_pos_30_var_q3_m_tp,w2_pos_30_var_q4_f_tp,w2_pos_30_var_q4_m_tp,w2_pos_30_var_q5_f_tp,w2_pos_30_var_q5_m_tp,pop2000,Bj_p25_czkir26_f_cc2,Bj_p25_czkir26_m_cc2,cs_race_bla,cs_race_theil_2000,cs00_seg_inc_pov25,frac_traveltime_lt15,hhinc00,gini,inc_share_1perc,eitc_exposure,tax_st_diff_top20,ccd_pup_tch_ratio,score_r,dropout_r,num_inst_pc,tuition,gradrate_r,cs_elf_ind_man,frac_worked1416,mig_inflow,mig_outflow,cs_born_foreign,scap_ski90pcm,crime_violent,cs_fam_wkidsinglemom,cs_race_bla_st,cs00_seg_inc_pov25_st,cs_fam_wkidsinglemom_st,e_rank_b_kir26_f_p25,e_rank_b_kir26_m_p25
Alabama,0.7106977845859888,0.6683133929383311,0.7408950788003859,0.7494182734990864,0.7707576175733614,0.8300283980220361,0.7963080245309869,0.8603671134980166,0.8088894386147678,0.8730921782526964,1.682209219539954e-4,1.8183150359155772e-4,1.9263614616683088e-4,1.860707913417978e-4,2.3771814746420495e-4,1.8074081036883687e-4,2.3392578125039292e-4,1.7501701599106442e-4,3.3816862889434336e-4,0.00024773024462236435,0.7225986312313273,0.6618795807424949,0.7619092601357323,0.7311750377692768,0.7725302791315607,0.7946053284896254,0.8167482034937484,0.8204503267682951,0.7998468797816675,0.8176905476763623,2.260923411323415e-4,2.518073443069738e-4,3.8841491196543753e-4,4.004952861522046e-4,0.001165145529610432,9.996670931426677e-4,0.002684102869377655,0.0027944491459557397,0.005795486495509571,0.004596018215924971,0.6665538659707015,0.6904022245568413,0.7126141607806212,0.772634990062194,0.7673124865268649,0.8407997690269725,0.7950505630691254,0.8639241878362736,0.8090802383665746,0.8755333100595606,8.643565117783123e-4,8.248907555116108e-4,4.6536740130163163e-4,3.9951738572558613e-4,3.198833671943016e-4,2.2817192879425775e-4,2.523681382345042e-4,1.8435298405888468e-4,3.4931256235956815e-4,2.4916748200021015e-4,4226142,-0.2083201620942279,-0.37502857718195487,0.2532281242301059,0.27815432240757176,0.07292970829840502,0.29077226909507303,33726.41196725146,0.5098554789845846,12.946285649694355,0,0,17.25095855147938,-11.762776039062837,-0.001517399943605669,0.015380458186943363,3526.9667764545065,-0.04375619827223506,0.1806756565790217,0.3302569216644424,0.016582973310719014,0.015674816416165062,0.019875075715633905,-0.9014342071116366,0.0018349365114689142,0.24922732143649928,1.3202280824013202,-0.18354457588352685,0.8332764084842582,38.80006942625662,42.859543125229344
Alaska,0.6854736097051732,0.7298771230818619,0.7235599483113128,0.7734865186352899,0.7453557499385337,0.8397342783938305,0.758866392430008,0.8557431946276114,0.7916088807080768,0.8716016968111955,0.0027162545840763662,0.0026127724124447773,0.0017544898812550502,0.0015888840367444482,0.001658443897082162,0.001184453529219578,0.0011170639987495724,0.0012665598098194042,0.0010664704281741356,8.53267734432869e-4,0.7074202344569532,0.7351032330626857,0.7630884321990936,0.7707661856456586,0.7730555461442473,0.8488223786304988,0.7563554749990564,0.818077282827687,0.7577143667605625,0.8005499685058939,0.0028584591297258206,0.0034587382572860478,0.0021852316571522516,0.002410291433131153,0.002514280438753522,0.0022388015623332172,0.002392009428493831,0.0019615282156332163,0.004502380234658085,0.0029861274489495536,0.6550576614099406,0.7156115270878547,0.695113336849282,0.7793272522489466,0.7418321924231743,0.8387598819212322,0.7568933486239348,0.8677773578698963,0.7937614300322577,0.8761113400087472,0.004122816734792463,0.002782243931803952,0.002813182120685311,0.0031805309906541425,0.0019613282717850875,0.0014278444310131169,0.001408101411193794,0.0011075859827552241,0.0010863938603903405,8.340506363517071e-4,626932,0.013499456080468014,-0.7983456271964606,0.03361289521070132,0.0883596336920639,0.05726138233580627,0.47578106226726347,39350.136407742786,0.33937949815407414,7.9246605227775335,0,0,19.495021427343186,-6.931141512647771,0.04484293946509542,0.01675353670632353,2816.871086073157,-0.19139943752202407,0.03176852307303488,0.5319993175839822,0.025355057104536696,0.02855960132714027,0.059299711428163183,0,0.0027124539800962464,0.19496935129428708,-0.8663904269576126,-0.7126979327414138,-0.6559743607576579,44.77785971309723,51.530127431134204
Arizona,0.6960825147763544,0.7097202685519738,0.7376796437690099,0.7652559791539234,0.7509462062423521,0.8104687559384817,0.7682592536072508,0.8520870717781974,0.7861074303515823,0.8510756170172901,1.0275757927338491e-4,9.685293945164571e-5,7.988267412849789e-5,6.429715574048306e-5,7.65021298778195e-5,5.718919058003983e-5,8.240536511752673e-5,5.4830316052000294e-5,1.8388081445898204e-4,1.1284202698203088e-4,0.6947861683285633,0.7010732966648943,0.744678543964054,0.7516160492056094,0.7698200293144319,0.7983292485844294,0.7750935704949765,0.8175859005557927,0.7980441724461935,0.8256117068646736,1.5418849995596327e-4,1.570412748809294e-4,2.0024031276105723e-4,1.627329984930292e-4,3.381016045143196e-4,2.9002224000850084e-4,8.67703111650306e-4,7.694632675960929e-4,0.001208997515441474,0.0010482856896129873,0.7004227175864912,0.7308943947718941,0.7299879921467611,0.7792768525579973,0.7455025722610271,0.814921089117046,0.7676759409880571,0.8556628355011707,0.7861613447283243,0.8526844647138909,3.055805316910052e-4,2.708132973438899e-4,1.4559789267334713e-4,1.1220437964682676e-4,9.877883683688795e-5,7.20893710991668e-5,8.868470372620293e-5,5.722190852007411e-5,1.907189419524775e-4,1.1821666186012661e-4,4876703,0.09469873217889874,-0.1846068338097647,0.029970658318708786,0.22939444897488936,0.09223349219410305,0.2784997609391755,38131.96816281635,0.4796472872817988,15.11133379194027,0,1.66,19.95505836132676,-10.240882709168817,0.025400471,0.012098338198019974,2883.259036951149,-0.0850122544705302,0.10265415174051423,0.4643692386114102,0.04223632237001053,0.026341772302540676,0.12469113678152126,-1.3536295287168738,0.0017720988165996368,0.21391784370413985,-0.9026547019004192,0.46838605029828967,-0.13588395981588383,42.505311310271914,46.68332690896124
Arkansas,0.7116226842629273,0.7002428861172147,0.7565330230122269,0.7822570247678622,0.7742956483833565,0.8287490426514124,0.8113506588001452,0.8690300957696399,0.8129977579398247,0.8566959544296436,3.83275958846378e-4,4.0248125878997274e-4,3.579958549597084e-4,3.115285536947948e-4,4.0860986339269565e-4,3.1892221822009463e-4,5.348982642248271e-4,4.0464657371067764e-4,9.505888071081677e-4,8.144025514148306e-4,0.7237905685588527,0.6976272112840229,0.7699145106879272,0.7726176578158159,0.7572801281584558,0.8073596634350234,0.810173455843148,0.8365932778717935,0.8135833711408491,0.9498753442576473,6.505468075851164e-4,6.903792427797772e-4,9.89884356598504e-4,8.771141424942698e-4,0.0034166361990631416,0.0024042579350959077,0.006560211313486112,0.004737539015384485,0.005608502990408574,7.432636532036226e-4,0.6827219020299179,0.7185597470974471,0.7452216362960373,0.7891396418673472,0.7759307784156794,0.8350852953575959,0.8111901797744776,0.8703626925802276,0.8133267122010386,0.8564977889166147,0.0012707332621913914,0.001120900744914774,6.439692989748626e-4,5.502059702427319e-4,4.6491776723190645e-4,3.681677358570931e-4,5.571088331495794e-4,4.2473806651171364e-4,9.749678542510489e-4,8.334994197674904e-4,2846721,-0.18741838667285313,0.7397013521655083,0.14597742371849978,0.17282807721601554,0.03876040179824781,0.37947382984090466,31200.725553878656,0.4659276260292175,11.546252274371426,0,1,17.22865590967217,-4.105290491233472,0.008640434794371215,0.01684837857721971,3107.591113300257,-0.041150190882547684,0.1955775566562828,0.39948710310112934,0.016032480879574693,0.014619978564016695,0.026320832166089405,-0.5587654495158526,0.001992305687233273,0.22794802024804328,0.2523769657610036,-1.337516142591276,0.24921077368722816,38.53783334992505,44.655814376050905
California,0.7196341966311997,0.703443359885198,0.7555716209118052,0.7527391313110863,0.768468891515399,0.7892064541869619,0.7853342947218264,0.8187660457426998,0.8066620141161713,0.8338122449043083,6.46032012967843e-5,6.177756922779417e-5,4.6775028299386e-5,4.470698826753964e-5,4.28424832188184e-5,3.7841125444961404e-5,4.184129842924492e-5,3.472190735591101e-5,5.0531336523938925e-5,3.902818539733843e-5,0.712269966286035,0.6866342815440817,0.7424294416469274,0.7298048775490317,0.7620592074793476,0.7598933150460676,0.7812595334201641,0.7785250535036475,0.7811774078724916,0.7884755819152722,1.005594240990636e-4,9.891958356097112e-5,1.1482235563641965e-4,1.1342181884731283e-4,1.7167285294954513e-4,1.6733978744571347e-4,3.713215242376101e-4,3.4503467188183313e-4,6.624546516565849e-4,6.228458893507362e-4,0.7325045376095143,0.7319121853838596,0.7670219599311463,0.7727336204795785,0.7715926275692825,0.8019278744042162,0.7863784721016768,0.8254582259377515,0.8083956713183097,0.836698556282144,1.6251724415458518e-4,1.6821691906107166e-4,8.175436281601885e-5,7.766105076129578e-5,5.655729029532682e-5,4.9438072526170125e-5,4.6063292003568714e-5,3.819092708576856e-5,5.2134553200769894e-5,4.063889573570895e-5,34177560,-0.021215403990979407,-0.15442337102146134,0.06395208048299468,0.22370145487882315,0.08816441748727881,0.2574101714107446,41085.26988489749,0.5268868621913846,18.110139874095037,0,6.3,23.94222497358266,-16.38910671412241,-0.018803382729709384,0.009414009268490616,3896.5503822518117,-0.008272357754004252,0.1300246248142785,0.3313693922630208,0.020134292793060265,0.02489709622294034,0.260749136799841,-1.060659570282831,0.0038065326990083465,0.20236625723730042,-0.5643156452630036,0.3309646040550977,-0.4529471025352134,46.14959282467701,47.94433651261594
Colorado,0.7049151915039341,0.7117744748547867,0.7364034351399026,0.7762380215531174,0.7537927624199381,0.8085211640870668,0.7763482399629017,0.8476966054054137,0.79375484107928,0.840462032296174,5.512506043107218e-4,5.205084989217442e-4,3.415964639856146e-4,2.9175124130450397e-4,3.1523579134366955e-4,1.9943172721928102e-4,2.706022300836333e-4,1.92977686496097e-4,4.6178404275415506e-4,3.291780100882711e-4,0.7138626131069851,0.7138487040400238,0.7373212596283085,0.7722470295410526,0.773185029933539,0.7852519773222852,0.7641456712683062,0.8334892180859753,0.7723419815492798,0.836992435587215,6.377412704396315e-4,5.578089497548043e-4,6.168750769984623e-4,4.694406198671017e-4,9.64562347076936e-4,8.341584082296678e-4,0.0015689756381985353,0.0012310195268545863,0.002837885108930778,0.00143147744796647,0.6825090775640823,0.708678028299766,0.737788650859531,0.7805123784086566,0.7471981151993211,0.8145801026085181,0.7769855942204472,0.8490321462950228,0.7944882363096722,0.840689051187967,0.0011391322692138536,0.0011752968122254075,5.761330824439898e-4,4.691035799225996e-4,3.520326299850539e-4,2.399708373194273e-4,2.8511126041140197e-4,2.017311391842305e-4,4.954157576192352e-4,3.4305662671318585e-4,4256953,-0.018268831952996008,0.04112058657909936,0.03718645768624976,0.15594542656844046,0.09095102507879095,0.3046223477638113,42064.25424057395,0.4298260340822861,15.208017928916984,1.4285715,0,19.36500039257948,-2.540865013445296,-0.012612529,0.016083676613198962,4644.927970638719,-0.028523829300452937,0.09212065004606206,0.5260409007439073,0.027712116064696483,0.026134432121088624,0.08651612371114245,0.20143229057505915,0.0015229888596872295,0.18773124729747545,-0.8308099506113974,0.42507432907628717,-0.8546429585676281,42.384174875161676,48.23163737278098
Connecticut,0.7680280047,0.6979800438,0.8210414075,0.7705423544,0.8445714286,0.7964677396,0.866266432,0.8508844953,0.8839500766,0.8786877862,4.1577827e-5,5.130296999999999e-5,2.6112033e-5,3.2070893e-5,1.8752933e-5,2.3088857999999997e-5,1.1991398e-5,1.3202921000000001e-5,7.49e-6,8e-6,0.7653387613,0.6908602151,0.8321559762999999,0.7647924639,0.8511957484,0.7759127151,0.8711151737,0.8217391304,0.8647058824,0.843575419,5.2223128e-5,6.3791034e-5,3.9466631e-5,5.2954063e-5,5.6094574000000006e-5,7.2963565e-5,1.0262663e-4,1.2737734e-4,2.2939141e-4,2.4572798e-4,0.7789598109000001,0.729303548,0.8022030650999998,0.7797731569,0.8414171236,0.8070288918,0.8656472511,0.8548463356999999,0.8846941096,0.8801627034,2.0352415e-4,0.00025942165000000003,7.5992961e-5,8.1156417e-5,2.8138833e-5,3.3577675e-5,1.3575591000000001e-5,1.4667149e-5,7.73e-6,8.25e-6,3405565,0.050304253,-0.10504698,0.08679059099999999,0.2685782,0.09660165800000002,0.30783784,53281.223,0.49035000999999995,21.68,0,0,14.88775202,-4.9925671,0,0.0082218368,9746.7021,-0.084323585,0.14816214,0.47363999,0.01424668153,0.01612889491,0.10863601,0.492688861,0.0018816296,0.21730803,-0.33692199000000006,0.6159085,-0.04283143999999999,48.835571,48.117649
Delaware,0.7230289899428826,0.6492372120099011,0.7893764991587775,0.7358144987903841,0.8112819766589451,0.8159020250297587,0.8534037035142856,0.8596341726909451,0.8682572729761218,0.8800879944401214,2.023848341558092e-4,2.3104565082909058e-4,1.3370531339355524e-4,1.5569212379055764e-4,1.2277898365334452e-4,1.1746850384552675e-4,8.757043663166404e-5,8.353583763945254e-5,9.428680892705206e-5,8.453862543102435e-5,0.7375351052610509,0.6366206723309427,0.8077243547704662,0.731370907428766,0.8247109884541762,0.7794585846248832,0.8505184804683552,0.8790004536362991,0.8668594492935922,0.8750206904573123,2.3804120938447664e-4,2.8908230439044945e-4,1.97589927337689e-4,2.550069128775165e-4,4.224537735664296e-4,4.5089660066626033e-4,0.001264452396631623,7.14145006494293e-4,0.002819385617453498,0.0018541990831760582,0.6579756663729492,0.7103558861195776,0.7598069374244155,0.7504873551120423,0.8031351096187462,0.832693735297287,0.8527201163908569,0.8583548579419349,0.8683566654396051,0.880295679402468,0.0013044637792597065,0.001123921195089894,4.0842407250543894e-4,3.993664924480417e-4,1.8340972594564522e-4,1.606587929136945e-4,9.590928854565596e-5,9.369209532649039e-5,9.752234871736983e-5,8.841011020922978e-5,1025485,-0.3889448597725272,-0.3949540915294129,0.18444540358501588,0.1792757341256186,0.05632856753976606,0.29675793818632157,41098.293379521885,0.43648386094384606,12.146867640189763,0,0.75,17.26349693984236,0.6059195452561472,0.0035014517409810188,0.014627224692669322,4731.809271042385,0.018578211335300857,0.1318982909442849,0.5560755131524596,0.02731000453219378,0.0190524483530114,0.050397478043811464,-0.26069853991691333,0.004034188718528696,0.24059215857327995,0.6353868267550185,-0.7442011053061957,0.596261876418953,43.87341915482918,43.440896764548484
District of Columbia,0.7633507853,0.6657655918,0.8023042039,0.745831092,0.8200226387,0.8051679587,0.8377120053,0.8540038509,0.8599891127,0.8775146972,3.1526415e-5,4.2966167e-5,1.9440147e-5,2.5493151e-5,1.8561881e-5,2.0267767e-5,1.5070458e-5,1.4121788999999999e-5,6.55e-6,5.8e-6,0.7610229277,0.6448233861,0.7981383464,0.7293928428,0.8243314106,0.7718317359,0.8453125,0.8091644205,0.8484513274,0.8299246502,4.0094143e-5,5.5792007e-5,2.9405644e-5,3.9682131e-5,3.7967788e-5,4.6886984e-5,6.8103793e-5,8.324386e-5,1.4223636e-4,1.5193727e-4,0.7721943049,0.7458100559,0.8108208955,0.7790414297,0.816050278,0.8365963855,0.8356569497,0.8659305994,0.8605862819,0.880024983,1.4732852e-4,1.7651528e-4,5.7235215e-5,6.9917092e-5,3.6285284e-5,3.4312969e-5,1.934015e-5,1.6646802e-5,6.87e-6,5.99e-6,4632415,0.16311553,0.11704389000000001,0.26696572,0.27131253,0.11505075000000001,0.16001946,53705.695,0.4557399999999999,16.054001,2.3809524,2.5,18.8788211,-6.8822513,-0.0018630888,0.0086348047,10316.567,-0.049678326,0.039349776,0.45410999999999996,0.02554088958,0.030260242230000005,0.1773816,-0.7480562366,0.0012368374,0.21452756,1.4570076,1.2389742,-0.11914857,50.273071,45.944153
Florida,0.7205660398111221,0.6575577732616117,0.7610561217577211,0.7399375818950498,0.7912960970869576,0.8009693195353792,0.8177383009469762,0.8397901782976525,0.8247597408932394,0.8536573989674207,9.189581567555264e-5,1.0177174818535538e-4,7.683313753441212e-5,7.771510565007274e-5,8.40735440446835e-5,7.495097468878703e-5,1.0054947430797177e-4,8.062093892689584e-5,1.408992171017575e-4,1.1150823371952132e-4,0.72211440517451,0.6391130935804712,0.767091631692348,0.7109734900956168,0.7941002105728016,0.7600101523884001,0.8027290254665679,0.8030005058482502,0.814810654428788,0.8071124735880344,1.2616452648963242e-4,1.4522360977079572e-4,1.558607858950734e-4,1.736048471655102e-4,3.898213804545882e-4,4.2585482065093786e-4,0.00136479269124375,0.0012496302596571483,0.002365700823326768,0.00202444700622946,0.7165807256646193,0.7085761597767928,0.7560695876596334,0.77137122996921,0.7926897302485387,0.8153144677724647,0.819784943734971,0.8443509544898921,0.8258009206837247,0.8562704958178071,3.462341738768768e-4,3.388897904708638e-4,1.5720663460423118e-4,1.4270117702899011e-4,1.0846175597328171e-4,9.223136939857713e-5,1.0920636727417792e-4,8.638506959359808e-5,1.4675080160739026e-4,1.1668518252780544e-4,16036324,-0.08364087417455085,-0.21642234189813203,0.14192635159311429,0.234114562220623,0.07021345667623459,0.25106843689870756,41382.79795248525,0.548648394047576,15.997235048269792,0,0,19.43224233933811,-2.834717097785642,0.0032197385873023957,0.00885489726295169,5330.101487018765,0.04316461167647604,0.07294710957736586,0.3747443204475714,0.03949184364339569,0.02764218283473987,0.16661834057151284,-1.518223544347322,0.0022244467,0.24517919723661544,0.21204211262491118,-0.27527828529928927,0.7221650637951085,43.45569147831261,42.97794238737581
Georgia,0.7081850884249625,0.6251036616584102,0.7490596882069601,0.713224429225794,0.7719543746606145,0.7824886872025176,0.8007854844346319,0.8329354621403489,0.8189579598269534,0.8519565942635787,1.8646333238555747e-4,2.055194405961687e-4,2.019189096927958e-4,2.0662585194022463e-4,2.505183484295836e-4,2.244188926227877e-4,2.8434384920401976e-4,2.2699519585044002e-4,3.511879132966054e-4,3.4671933196293896e-4,0.7153872875248599,0.6147436651080421,0.7608613514849953,0.7001106633415072,0.7843498989981117,0.7423731524984271,0.7990628426718526,0.790810290350428,0.784756719268461,0.801990881360464,2.480690341075312e-4,2.8202268606758717e-4,3.6324101836024105e-4,3.9357702062310423e-4,0.0010506567038771708,0.0011240096887641861,0.0022146848364570874,0.0023941796250806853,0.0035767763221277106,0.00360449090751435,0.6815519649884596,0.6706768174252677,0.7331061746287008,0.73589018266179,0.7641462713909473,0.8005211183446405,0.8017965751900216,0.8375781026057124,0.8199528341433829,0.8534721768307006,9.797681276912178e-4,9.542180046183473e-4,5.066176750840708e-4,4.691408073458535e-4,3.294091705114578e-4,2.7894927037647627e-4,3.0164935433822133e-4,2.3893981554909613e-4,3.6506020240252546e-4,3.60568807573569e-4,8558239,-0.1874903041140092,-0.21405376315199673,0.28947310636003676,0.23254732262114577,0.07844804109069922,0.2606955024928014,37262.66230476562,0.5253742954048433,14.223790209202372,0,0,17.4851551019901,-6.934834377924467,0.02946965501862215,0.014634917578861891,5055.946026443041,-0.036271900714124866,0.15252537295684662,0.35070050737075353,0.024680778370460787,0.020872751973630827,0.06891846354258978,-1.4312725764814902,0.0022715385925858324,0.24798268286798722,1.6811044594322735,0.0028215147005873067,0.7991139283568003,38.85325911435413,39.31752658468267
Hawaii,0.7367135701110269,0.724209022908942,0.7717680290504891,0.8086221495490256,0.8173133809093094,0.8303977012256957,0.8409905978320726,0.8600583448687813,0.8515116482917373,0.8575490427155229,3.894462192158803e-4,3.94942926180257e-4,2.1540693644968333e-4,2.0129919938481448e-4,1.7887969919610215e-4,1.7492149713747084e-4,1.5862122999482146e-4,1.3857812215481162e-4,2.0414301226099078e-4,2.2490369424236486e-4,0.7425948673956484,0.7271915307922231,0.7811570137272137,0.8039690380070813,0.81385807279336,0.8137023387969551,0.7990742778271025,0.8449322873111815,0.8366591783350196,0.7381988048553976,6.366932639474156e-4,6.676939990962224e-4,4.6974577751867253e-4,4.5127439598509166e-4,7.769192727223353e-4,8.821409965363996e-4,0.0020955706135939224,0.0015636747972067216,0.0033751177724083824,0.004775796810410671,0.7271104837296445,0.7191619783822241,0.7625275805802219,0.8123091711303331,0.8194786774401475,0.8368785212090878,0.8452204623942852,0.8620100475700563,0.8528659408310855,0.861408205782589,0.001021164888153676,9.797756246865098e-4,4.045864570746581e-4,3.658233597439864e-4,2.3259674105494097e-4,2.2284578949795838e-4,1.7110125955366778e-4,1.5161289185841622e-4,2.0630260062993536e-4,2.3323631419875745e-4,1211537,0.09415013312789126,-0.14045021493734816,0.01719221159306526,0.12249081377888582,0.08145754995767028,0.27101305073330817,38823.152823264994,0.3982529760854353,9.121057915660439,0,1.05,18.31923687705597,-14.798788,0.018076327,0.014031763359297485,4046.737623680911,-0.12548773982364467,0.03532369667902837,0.2931493333075506,0.02897641590720064,0.02941882913757299,0.17517420214514287,0,0.001167946540771161,0.1816026641988152,-1.0298844059986942,0.10445921327168711,-1.0228576904950735,43.895396219673856,49.636488436919386
Idaho,0.6912109190026006,0.7698161609816861,0.7066382565601914,0.8323124135268617,0.6905865296590137,0.8641375272993972,0.7181895284964582,0.8760161772167724,0.7205763452464867,0.8820741669537886,9.135493150607445e-4,7.018297816744764e-4,4.983472673088641e-4,3.15403980441622e-4,4.380976505152633e-4,2.125980941335813e-4,5.451045694221552e-4,2.5805902544919054e-4,5.884387681641951e-4,0.00037210023056492223,0.7226980649649953,0.7599281168710501,0.7493628310136718,0.8188084943881297,0.6994145144972852,0.8675093036445705,0.7346106413540683,0.8785041926560186,0.8085886187076687,0.8820701508487739,0.0012745747282878388,0.0011668413040398094,9.21727448610555e-4,6.241032789223021e-4,0.002245833234259512,0.0010539702501387198,0.003967291430297571,0.002178515396378893,0.006774654491017321,0.0033676885551630923,0.6546107124019083,0.7789065578449779,0.6861626223098551,0.8389956221911015,0.6897511666760687,0.8626052574329903,0.7175089381292674,0.8760255270591757,0.7175444302451266,0.8820755256646693,0.0015414840520215638,0.0013067893288186672,7.036173254483107e-4,4.2329325678673303e-4,4.799074097436731e-4,2.3886432905057957e-4,5.689099320265927e-4,2.7283992119674495e-4,6.14736251186386e-4,3.81031586189653e-4,1061496,-0.26532515275576934,0.15847322595083158,0.004177123516366713,0.08532271011759451,0.04771201646629615,0.4393879122678842,33455.83848411299,0.3812812320572381,10.20245600670224,0,0.4,19.24757987955167,1.110543989507921,0.01845872570180562,0.014225155636369457,2627.136206881419,-0.048868876058188473,0.13311956870265737,0.5316042219403558,0.02590777544249309,0.01807825935903195,0.05315874901338488,0.21628363242118953,0.0010805504782626218,0.16094363689243296,-1.1594703449271593,-1.035200698463037,-1.5898985229777787,38.422219692697844,49.353590167284665
Illinois,0.738758795141198,0.6723418093365909,0.7864983429825284,0.7551446981746749,0.8132287283664478,0.8224315940265354,0.8417858086054435,0.8699941244404659,0.8623063715971092,0.8866174255160989,1.5237723671200423e-4,1.5627452248371678e-4,9.869207707490116e-5,8.451361719498633e-5,6.386431402524454e-5,4.7454193886989997e-5,5.430245207418876e-5,3.7931643458887064e-5,8.382717745570326e-5,7.532299841235856e-5,0.7417435580557787,0.6574124710384429,0.791097588320942,0.7287633755184315,0.810841553851491,0.7805067560018268,0.8254865366007389,0.815692265339381,0.8350132779350918,0.8497349759339217,2.209169455251335e-4,2.4509024089662703e-4,2.4166220718585822e-4,2.2644038563094418e-4,4.096770392897577e-4,3.4805001544976894e-4,0.00101797408072781,8.266088901666679e-4,0.0016056789934310036,9.18227421999413e-4,0.7319776133830586,0.7359832422414764,0.783517508871688,0.8011938227936736,0.8139503808274446,0.8448701306553014,0.8439109686535822,0.8767148557655966,0.8634751604289843,0.8877687906893974,5.428942809471498e-4,4.6738478061277385e-4,1.868824506029588e-4,1.4573731932693493e-4,7.827511192710261e-5,5.6095816504783054e-5,5.7215581321150736e-5,3.937468805647101e-5,8.503919627460015e-5,7.936407957434277e-5,12178515,-0.010610621617829837,-0.09309573631676031,0.146622724144314,0.3559395945874637,0.08900808337643408,0.27187794664452686,42468.31272740683,0.4720771969848516,16.4531950231527,0.47619048,0,18.330562313033298,-4.137812075398558,0.025206799795118782,0.01207043703398682,8610.457164089465,-0.07656115277441403,0.16047392516236864,0.4688517134571415,0.012672152559609887,0.016503900518529725,0.12535050127973113,-0.08780561193952138,0.0018057780655185373,0.2071483009955639,0.25880192918462286,0.35945703408802043,-0.32169163195694317,43.81298659847962,45.04478087347809
Indiana,0.6962842816031356,0.6949924063821292,0.7495790280278112,0.7862486302368942,0.7805773845849884,0.8512552612270479,0.8126120758865603,0.8811159697266906,0.8395487749337032,0.8945070569061744,3.434281965541786e-4,3.1716860544946053e-4,1.9990311246492553e-4,1.646771433732545e-4,1.3573464901989654e-4,9.176564740417015e-5,1.131657768416555e-4,7.501407853397043e-5,1.467607760167395e-4,1.0308873277918988e-4,0.7059362310688254,0.6876064504440939,0.7698984421560777,0.7745435609166572,0.7948148929810235,0.8280887978072194,0.8121656315358092,0.8407429060952019,0.8363945999762501,0.8645110480780104,5.210725131690485e-4,5.011309985629864e-4,4.5675052237980165e-4,3.891994608450774e-4,7.794882373554551e-4,5.801559640718243e-4,0.0017037547169401314,0.0013715285379939904,0.003429071058017155,0.0026237326338842152,0.6790665801896952,0.7201482143887042,0.728725955557727,0.8007523256936481,0.7773784166931443,0.8578251016738294,0.8122958019886974,0.8843839879950729,0.8395516038853411,0.8955659087917619,0.0010956119071174526,9.672747834792038e-4,3.7503559961601257e-4,2.9430661412227033e-4,1.6703541590958255e-4,1.0971220867987065e-4,1.2056536837123282e-4,7.826465688672138e-5,1.5151176561034555e-4,1.0550189385107019e-4,6293253,-0.08167785431640806,-0.03887885803068809,0.08526877960290606,0.2525361881954233,0.06447021760046513,0.3509147255624889,37251.494332100585,0.400038921423159,11.923354984388313,0,0,18.627638463540006,-0.8581466367838403,0.017631045878674683,0.01509929725331458,7694.818116434984,-0.025590605413284652,0.23291708352547721,0.47724472631904996,0.0166155722640768,0.015865880490941807,0.031384768991979124,0.48226564390766824,0.002138261768652846,0.21032133053574043,-0.3520740338687035,-0.4692399125679454,-0.2345995741887946,38.88555799969682,46.315397650835585
Iowa,0.7818442100257961,0.78172075176132,0.83071734647698,0.835381231217599,0.8604637930121992,0.8858550878973372,0.8734384151393094,0.9065990344768393,0.8743601553209164,0.8992233402070721,8.676207773997755e-4,8.467882130394793e-4,3.5364312317129375e-4,3.543960320990004e-4,2.0678162110801873e-4,1.8282143960357457e-4,2.1622755342656517e-4,1.9185432857691303e-4,5.368678614255045e-4,4.355651561490663e-4,0.7878960229407574,0.784902909308207,0.8493476684669994,0.8465755764629717,0.845521957523426,0.872935204858478,0.8523972314216768,0.8907577971017283,0.8505576670205046,0.8675988898544407,0.0015461333113451598,0.0015608593376661318,0.0011153445793287218,0.0010697879413928562,0.0022211325335788736,0.0018964827892981471,0.003631188145165808,0.002466021481758348,0.00523124424625178,0.003968003766759841,0.7719589920570136,0.7830168596394951,0.8192986923909223,0.8301165442853136,0.8624112165544381,0.88787177330024325,0.8743577943405993,0.90773244929373,0.874896319757948,0.9002685017597499,0.002162027699519351,0.0019736653761111447,5.504696417634124e-4,5.502430765237816e-4,2.3060138893763306e-4,2.0293530901302153e-4,2.2105935909449116e-4,1.9667256335108069e-4,5.398569399325524e-4,4.383799665829741e-4,2738775,0.7750087245887567,0.4548279886611606,0.018566330042948033,0.13210815413468174,0.03803623503812628,0.4789164609503409,36616.598728981386,0.3505919933127621,11.043819857427682,3.7142856,2.86,15.66201474956708,2.9844904978475633,-0.012757573365508514,0.022117959622248055,6461.829073546961,0.06375134968743053,0.1760298623853526,0.6574230341355679,0.01328659710942633,0.013828810325523735,0.03218851702986682,1.5007245164373524,0.001334190572966297,0.17271536534497212,-1.0162029043444751,-1.3619728386498635,-1.2667927509715147,46.66218044097014,53.34855214662979
Kansas,0.7612031004605743,0.7872963032532346,0.7829788967226619,0.8323869591778152,0.8095369455650231,0.8697571076566284,0.831254964692838,0.8922991759825083,0.8463725468282771,0.8891930069176079,0.0015069512775771651,0.0012913013181146138,7.937842975037748e-4,5.902703875830318e-4,5.462570610262399e-4,4.2161599394042207e-4,6.853124387415096e-4,4.1070527539769833e-4,0.0010301814747579292,8.348511036357297e-4,0.7715465773423857,0.7876168498967541,0.8013826371011148,0.8228256402564893,0.8044998726653979,0.8390686046175967,0.8070202236174709,0.8848814758881721,0.8496542042302987,0.8495323555212101,0.0020396401474745652,0.0016206683514280226,0.0018351870386492512,0.0014773904968734617,0.002646332585382483,0.0025734323545640175,0.004735940508362072,0.0031046687548209337,0.003550645216979359,0.003317568210089759,0.7467141752792383,0.7861485595112929,0.7750670587753861,0.8360614847010673,0.8115821222533806,0.875421005294532,0.8316014704363061,0.8923900180631722,0.8458550901142841,0.8891151366683964,0.003433031499840601,0.0025781067330475885,0.0011870355140186032,8.403879065502636e-4,6.064741798808572e-4,4.558515705448211e-4,6.573666709388665e-4,4.2197396149547283e-4,0.0010585264253444653,8.48316343926939e-4,2021272,0.005169487873318977,0.717455249809749,0.04703028577830858,0.12831238653523208,0.053055872405471785,0.47820875139762486,35086.134533575394,0.3499188444585687,9.216432415232132,1.9047619,0.2,15.875382975968167,3.9132518939605174,-0.00672453497513581,0.024680738960221264,3453.2939965054793,0.019764698190958205,0.16455289372878515,0.5506513563299961,0.01605352170132749,0.019223277756042406,0.04638973972988831,0.9101103125339719,7.445295777092643e-4,0.1824453647086587,-0.7327989934336596,-0.8547271066045342,-0.9997276940728674,42.371170666999696,50.19073648008566
Kentucky,0.6796391428070113,0.6888336791659108,0.7393119412332636,0.7763206386600829,0.7762130628728963,0.838877089590332,0.823156312092201,0.8652141034030001,0.8425130244736351,0.8601549678952981,3.963993188361873e-4,3.944281927183995e-4,3.344396372016876e-4,3.075182955762504e-4,3.345354737861813e-4,2.3983788087251527e-4,3.6550546757081444e-4,3.0532406255621714e-4,7.587119877235377e-4,7.286392266688099e-4,0.6960515464804575,0.6795381269993033,0.7525315822885612,0.7617275409351402,0.7764821231465202,0.8261604812638036,0.8035059587587895,0.808215360641138,0.8186389341158647,0.8472603165026881,8.544721104455008e-4,8.834312597710022e-4,0.001252401360947154,0.0012739240620402413,0.002474489486743168,0.0022555012195825726,0.00423362319236338,0.004113083293960049,0.004139565688890689,0.003551126808841316,0.6494937898619104,0.7062647033804661,0.7309790054066828,0.7816236433044114,0.7747403040480336,0.8408642057757633,0.8250932773227112,0.8689794720926538,0.8430088343411013,0.8603447357402483,8.468749835669886e-4,8.068371792238408e-4,4.838330316262301e-4,4.3264260599958543e-4,3.775962128910274e-4,2.703680752323738e-4,3.8119856684513015e-4,3.1308537382548695e-4,8.002336913811924e-4,7.818087877842103e-4,3994361,-0.09058678875346701,0.10165185329452345,0.06953102244130531,0.17729352411790722,0.05358853487726127,0.328159182959387,32177.572404296956,0.45364557309822523,11.930153468007399,0,0.2,16.901386005245463,-2.7560127564658603,0.007830213838970564,0.016054805621826974,4478.693944886539,-0.010992000253332511,0.17274990910680457,0.3778314550105762,0.011939331472255286,0.011499461367131517,0.018896071451855703,-0.22207600604707,0.0015600251237384327,0.21535949388570036,-0.508768430268466,-0.8367379534349374,-0.09631399482533,37.63096830120762,44.33475372557363
Louisiana,0.7443437477727264,0.7014439325095236,0.7593224346531202,0.7766431957360996,0.7737143278411065,0.8378459432512368,0.7991053092118766,0.8619287536800465,0.8179865139626473,0.8642955468451907,1.1006871320692745e-4,1.1810699767730298e-4,1.4296864277732617e-4,1.3179101014186171e-4,1.8498092895285706e-4,1.1896159318430948e-4,1.9692108873932494e-4,1.3907467767804252e-4,2.596864800557775e-4,1.6863687229889612e-4,0.7563953073705962,0.6944211487902731,0.780461993027227,0.7546906348505098,0.7919274220257958,0.8029133412729945,0.7786984280046574,0.8262386529027819,0.765489615136763,0.8018424636148453,1.4357245730206895e-4,1.624670610912114e-4,2.7645623081485183e-4,3.1434736219936894e-4,6.485141793369966e-4,6.443196044153901e-4,0.0017259717073103368,0.001502417763527787,0.003911948280668914,0.003970024309413411,0.6993846437900268,0.7283772388355967,0.7370847667550223,0.7989857550305942,0.7684046006231986,0.8491966830509398,0.8003205215948849,0.865219076892622,0.8199941422200664,0.8670406978806685,5.491958156538877e-4,4.777645113740388e-4,3.206330022611368e-4,2.3880086806437925e-4,2.2740294850442746e-4,1.4210843724180136e-4,2.0951994949853071e-4,1.4969433237564276e-4,2.691646346155879e-4,1.7208395610104983e-4,4428383,-0.27626621242187593,-0.15758439072878902,0.32154309877132126,0.2792157732370484,0.07379034752745889,0.30220405797161626,31153.40604209279,0.5381857409492787,12.953641944539305,0,4,17.176286138357682,-9.23209743212983,0.04178029004425995,0.019399988109129726,4408.7108144474905,-0.03530360423193599,0.10136431083871134,0.28315876848765564,0.011679658242342862,0.013770263321086586,0.026078058937153224,-0.9971968873709927,0.0033759500643686193,0.28282696664894386,2.0004121328041453,-0.1544789200359883,1.7555057630512108,39.188316519458006,45.448885178410265
Maine,0.7013797929753524,0.7119367348234905,0.754897373613551,0.7853217465351272,0.8042768700652859,0.8341955469342281,0.8504054994777843,0.8691332917916532,0.8558289172881325,0.8685174147745134,3.024207172338793e-4,2.9650808590976136e-4,1.8780000596723708e-4,1.9640187601294086e-4,1.6747507138051667e-4,1.4214916722036592e-4,1.7564322055220225e-4,1.8859086089571128e-4,3.5679805137445056e-4,3.606976546493451e-4,0.7039240570716729,0.71684518538403,0.7658621081753377,0.7844356404111981,0.8001956335730006,0.7885380726901243,0.7857516837059271,0.8493153568687336,0.8550309496159438,0.8271291163839796,5.564801317708083e-4,5.769194084320622e-4,6.060990817612419e-4,7.128579544431394e-4,0.0017375524853106056,0.0014789045486594693,0.0021128887595974503,0.0014350504606360796,0.003644976365506752,0.00430473767296119,0.699468410363093,0.7045160377597767,0.7496648074067582,0.7840751462790486,0.8041094624719389,0.8423258366996366,0.8531415359375336,0.8716120564044919,0.8565602518500898,0.869725359991774,6.714614403723186e-4,6.27253656364024e-4,2.764516119652521e-4,2.771096000670201e-4,1.9038426364449478e-4,1.5943116230699673e-4,1.8479879984878894e-4,1.8708718504362694e-4,3.532060659860042e-4,3.805928045687418e-4,1088181,-0.22245441324925724,0.10508330084720648,0.005227071424423694,0.060515874505706314,0.03949759397667778,0.3881147575843173,35125.84800982006,0.4213193918857249,11.541249596958595,0.23428571,0,15.755087087060222,3.137048486079706,-0.00980272911515621,0.017747226997567644,3924.9396901075975,0.0820585213737255,0.13438040922670033,0.5551240943414837,0.01531362888911862,0.01349040279237694,0.028964226596146225,0.24912120084161737,6.800339040028819e-4,0.20781235243852814,-1.1490163992049118,-1.3126195343418237,-0.30346489794782305,41.76433997828394,48.04971466853859
Maryland,0.7134572527019585,0.6339101315219976,0.7703190672213389,0.7227107720266769,0.7946949888313057,0.7952046327983101,0.8360556426627906,0.8532567174592631,0.8673699699125281,0.8750616260195818,9.706126636299881e-5,9.926896275087757e-5,6.601124859870083e-5,7.247052181947481e-5,6.515105748058531e-5,5.8366469727191676e-5,5.7377005112570337e-5,4.452217362740573e-5,7.291350330495405e-5,5.8630313464443346e-5,0.7157048261347502,0.6236005277257133,0.7725547122515571,0.703232370110646,0.790130169970755,0.7721634399804826,0.8413980023799003,0.819173573231572,0.8079177830727486,0.8687499999999999,1.4269216680171996e-4,1.375186417612919e-4,1.4497754973807547e-4,1.4971020468247876e-4,4.139418266931793e-4,3.275687033000297e-4,5.628742838425225e-4,5.368025272850658e-4,0.0012544597986561116,3.5632323e-4,0.6981879607905667,0.70587475434794,0.7656944220389335,0.7729414636173196,0.794818415907413,0.8073565710951273,0.8361318141192327,0.8584575910725648,0.8704333378373049,0.8751368605047051,4.659545209756575e-4,4.406559304124622e-4,1.6216895539484337e-4,1.6834964508967779e-4,8.949485188151705e-5,7.912798544081912e-5,6.30759899397556e-5,4.826644030619845e-5,7.174039958133255e-5,6.077981675753249e-5,2822271,0.023320584476261848,-0.4131117983128587,0.25585954590040577,0.33141047607191515,0.11696091789904016,0.2154046687281696,43342.30349050959,0.4852940034629807,15.367073694351463,11.428572,1,17.857588768338672,-2.2844782304913838,0.015060507507113102,0.01346433486816468,8368.723985883922,-0.03458749561034996,0.09057383058285934,0.5551487916808379,0.020990542725677595,0.021015345445152205,0.05352145424271886,-0.09583442104139461,0.0025362554357915663,0.2560481307888506,1.3464280138814806,1.3034849147098915,1.0204911130607726,44.637962031057256,43.28258245718891
Massachusetts,0.736030860093568,0.7220881440669042,0.8019417546716215,0.7805139623403337,0.8348139932848706,0.8279225401100664,0.8606609873588628,0.8637202022123418,0.8800629787569972,0.8794304242280695,9.230225693882274e-5,1.1058740103735724e-4,8.675840395899845e-5,7.326165261780958e-5,3.741083680739411e-5,6.671696223008596e-5,3.984885370344121e-5,3.7708314989639256e-5,3.946040607064003e-5,2.8456557425430745e-5,0.7336148176851846,0.7113513367791632,0.80206215764882,0.7781017061129495,0.8355586620476989,0.8123204485234446,0.8465221159676463,0.8254080117495074,0.840258080493224,0.838752232023549,1.196203829307923e-4,1.4771456309608288e-4,1.3652630660676598e-4,1.1125209916396621e-4,1.3449743725921887e-4,1.6565227987817648e-4,4.420534503185464e-4,1.926616538505598e-4,3.9918210464364107e-4,7.630195840125531e-4,0.742845255473262,0.7506826829281252,0.8016767581178643,0.7832813552197319,0.8345216330005822,0.8338876590241627,0.8617766308287224,0.8678484204318309,0.8815918860088895,0.8808610963704508,2.7029442142079347e-4,2.895617216884827e-4,1.0589909970483198e-4,1.5029888869114773e-4,5.5983676638220696e-5,5.778271145172908e-5,4.546360088243028e-5,2.66857991963941e-5,3.9872772067066875e-5,2.9151381444261755e-5,5851413,0.05357116352324716,0.14659922753514917,0.05275477940971864,0.26082840722143935,0.07444187815420499,0.2700096983895907,47711.46029208329,0.4680271039183852,19.93966177453096,3.5714284999999997,0,15.58188271,3.6130309108005854,0.0024518862620821536,0.008066030442989315,15202.060660630428,0.01905129852376458,0.12364567293390843,0.5847743069978241,0.013648840031014615,0.02095271689115432,0.12153786679591153,0.33294096523835137,0.0026868723528295983,0.21639297017988132,-0.6758025607882627,-0.13247531363102727,-0.06794760905342866,49.45081893069386,50.396606309373176
Michigan,0.693973312302667,0.6460156176443366,0.7522437306140803,0.7419203428965863,0.779683030598508,0.8017977426166916,0.8049894544854334,0.8455321022292301,0.8399018109469919,0.87149219294924,2.1931994942192318e-4,2.0774722519473874e-4,1.3281405729488805e-4,1.2425714670611382e-4,9.195116072140861e-5,7.483928025147538e-5,8.754528026717525e-5,6.222967107163955e-5,1.1334821651811892e-4,1.0319973752697745e-4,0.7013204201565989,0.6311728218266159,0.7595652109729696,0.7270907349124746,0.7996922225959809,0.7679805125711301,0.7947061096294931,0.7836767733827449,0.810309653099567,0.8127702852313734,3.4993100824912035e-4,3.4241103273321445e-4,3.489418980826065e-4,3.304452639999707e-4,6.101596985473005e-4,6.137310276964691e-4,0.0011298584394962322,9.370706072994104e-4,0.0012449640226858923,0.001059085639950551,0.6750699722208476,0.6983439183009238,0.7413044005486745,0.7626035888286073,0.7723813563115893,0.8140160434758501,0.8057103991655314,0.8544447265389499,0.8410478060503124,0.8735737704906302,6.284258938586894e-4,5.765543452683238e-4,2.352600276546609e-4,2.0967519353373555e-4,1.1350835076465153e-4,8.740161831138615e-5,9.251197430807954e-5,6.54443054763553e-5,1.1571622120851388e-4,1.0534127309983167e-4,9526066,-0.017440344080014502,0.037647417099288,0.14359295562655894,0.35076671427837885,0.08282626365120647,0.3048235420435393,40939.11565913012,0.4159817289915281,12.89099410570903,0,0,20.186037198957166,-2.8875140254653124,-0.032647952,0.009881362039185923,5292.356888458527,-0.0739702247595218,0.2220986995964513,0.48816436708604793,0.011106788469415258,0.013691905976229548,0.053438303447266064,0.0840620066485535,0.0020630384742858334,0.23011541627874194,0.2286357982304416,0.15068355738722836,0.30870054713018885,39.87742818555005,42.50908099970124
Minnesota,0.7765341776486573,0.7615727195675712,0.8272348009162541,0.814635489986234,0.8486249038696869,0.8706999380791215,0.8707490530790183,0.8962585255529578,0.8819504972134035,0.8985681651635135,4.696052547293198e-4,4.315905904129339e-4,1.9486318253424654e-4,1.982155674926097e-4,1.3377839480665854e-4,1.055410797675137e-4,1.1210555920721901e-4,9.857460200770334e-5,2.2716701836750916e-4,2.0053191918719483e-4,0.7696654041690515,0.7527992885263491,0.8340665400621513,0.8091688877262314,0.8664912727614961,0.8494329445852266,0.849466505686062,0.8702188613311287,0.8698506214849845,0.8529818816063867,9.349976940346241e-4,8.391030429772943e-4,6.063714208449169e-4,5.474809704299872e-4,9.582031565583516e-4,9.020086922681583e-4,0.001412938584159808,0.001273712910190643,0.0024923304493005794,0.0028719381937169306,0.7912170752966196,0.7892540676432788,0.8225817202891267,0.8220041661497433,0.8419679098604089,0.8782241685057574,0.8723017089014016,0.8978346430652627,0.8823607276104374,0.8998012640356216,0.0010380782894076315,9.439209579053211e-4,3.0635719249660535e-4,3.1255445572571735e-4,1.5468971128351533e-4,1.1746127643223669e-4,1.1486297658538381e-4,1.0085028215365969e-4,2.32303317380878e-4,2.016127262656939e-4,4916436,0.4249636083105228,0.49456572962748746,0.03428194715498248,0.1631799886587405,0.07305603238667928,0.3544448190321546,42466.21851833544,0.3539028594527011,12.870425007350791,17.285715,2.5,18.117426249986952,3.350665713114934,0.004554700351558926,0.01984703211734557,5895.443423940072,-0.03211960649560107,0.1633774877747169,0.6293774288551103,0.016274594036726823,0.0170021535945799,0.05269485618129627,1.5786164737431572,0.0013382546943664251,0.17764995829453897,-0.859728941914521,-0.17927835394760555,-1.1313501256316294,47.74962998185214,51.739272818600206
Mississippi,0.7271387992601878,0.6819863923177072,0.7490030647356498,0.7565899336431448,0.7841558877347159,0.826971855918892,0.8133966970028008,0.8678144893471055,0.8192575250481482,0.8599963412800882,2.4754259288478517e-4,2.6683528700676204e-4,3.339841139822071e-4,3.1464328615780375e-4,4.6261030351391297e-4,3.98582260996406e-4,5.622829443215313e-4,3.9441619152988047e-4,9.818631287947584e-4,7.738846490568858e-4,0.738341961819706,0.6752897291481144,0.7707272699543256,0.7410728975654042,0.814643628551578,0.7954919325082036,0.7949931533114049,0.8349833937817028,0.760889788567476,0.8334985235931577,3.2299158189195586e-4,3.570240075642583e-4,5.811487651657443e-4,6.160007840674842e-4,0.002292843528217267,0.0023467733096474513,0.006561470166147583,0.0050376206927016665,0.005258904302633815,0.004370851653032924,0.6835217658770228,0.7121355327597492,0.723281678524153,0.7795018407478451,0.7771977156444727,0.8349902212301312,0.8141243174020381,0.8703617109525255,0.82286581890244,0.8632899931634154,0.001422134221404814,0.0013832948094199254,8.66283086657512e-4,7.379933233111027e-4,5.93177934638655e-4,4.8810075332371937e-4,5.967972251352152e-4,4.0997493409218166e-4,9.827103672658422e-4,7.839067149884985e-4,2779642,0.0887745269766945,-0.034968926312875154,0.3653132308662727,0.18745724837285271,0.04458800859383734,0.3426608432285309,28997.55370106978,0.5162476746173932,13.352159362850577,0,0,18.32323101208494,-11.464795988542482,0.004483154348750702,0.014477350816525488,1986.184856577647,0.004323810375971602,0.18818854059227053,0.30799298803645575,0.013890637716105032,0.014713405540048711,0.013785221269584608,-0.7824771654221405,0.0017244499135977943,0.29709775144832323,2.4362134159601703,-1.140705221573494,2.147204447635818,38.10007642220149,41.5742201972146
Missouri,0.7436821022341784,0.6901799003324074,0.7835530104715183,0.7869588704697824,0.808619241994782,0.8462410135905425,0.8367283444020093,0.8788014164908301,0.8524446121826059,0.8844646478814219,3.069381249881309e-4,3.1890896652556717e-4,1.923345082463855e-4,1.7223861031778165e-4,1.7473697306684297e-4,1.3576852248160527e-4,2.3179250602665984e-4,1.8041341672203588e-4,4.3891827841074276e-4,2.9600699240140614e-4,0.7472413758303814,0.6835804879304485,0.7958319950141548,0.772096454994803,0.8204792529128141,0.8162509542546731,0.817385997312355,0.8449932557244131,0.8406137056641253,0.8552720204610964,5.295387994839197e-4,5.900049246612889e-4,6.189150249461553e-4,6.493250775679846e-4,0.001534719780217641,0.0011081200492736216,0.0016977374228197555,0.0011238421367290863,0.002566311542029712,0.0015592268401298226,0.7315885960936926,0.7283203628663317,0.7701522530753845,0.807183357167946,0.8045346024621723,0.8577219080180395,0.8379484924569182,0.8823430702972929,0.8529927825387971,0.8852170932216707,7.887610616994969e-4,7.158441548250442e-4,2.9440136156789744e-4,2.532515754418755e-4,1.962847821067119e-4,1.4884438020934282e-4,2.393723725360896e-4,1.828021705447718e-4,4.5722678952747457e-4,3.085056957187007e-4,6496511,-0.008715833074244768,0.048930939500062824,0.11475298003809829,0.26500585758790923,0.07967034864291452,0.3162481529259552,38174.98426154593,0.43769123909506963,13.33899702021088,0,0,16.35842151873436,-1.83639645594049,0.0021957730550593154,0.016914666967050025,6314.024109442745,-0.012057035090065529,0.14267409862950528,0.5191482850961154,0.015387644230017093,0.015254495837305756,0.03030610309814967,0.3362659152892067,0.0017897263959760908,0.22039909330988586,-0.05851197997829696,0.04410138719699233,0.04201078923244958,41.19074108218165,44.95108878270167
Montana,0.7464613927230259,0.7930672900776051,0.7704037679454525,0.8390491814375741,0.7895331929570659,0.8686098395792653,0.8146261766742439,0.8818575843099735,0.8385889495975639,0.8783352512911261,0.0015341284010164042,0.001275936797557146,0.0011564521619907933,7.747950940019384e-4,9.44771119337408e-4,6.156606487542471e-4,0.0012213504955277145,8.327641695119737e-4,0.0015224248643741834,0.0012717393518031311,0.7456468158767394,0.7878651228007407,0.7918629344229007,0.8423361441835621,0.7696666423489311,0.8865115353998911,0.7789768021071319,0.8949892843926458,0.9,0.8186919158073289,0.002750085093932819,0.0024683632286929586,0.0028090682355162936,0.00211260814904138,0.005740682826566498,0.00264051200739979,0.009757347998376154,0.004110503830743661,0.0089999996,0.013251432359094848,0.7478820359348051,0.7960031899646434,0.7624759053106366,0.8366340132422085,0.7937624001800985,0.8676813149747591,0.8191335671809038,0.8819569155089211,0.8387945532294017,0.8799715003098945,0.003030593981241536,0.002638355633723596,0.0015550426658063202,0.0010997937449549174,0.0010359059728138583,6.740603970303711e-4,0.0011861219372450889,8.782449888718027e-4,0.0015928027793481818,0.0012850987094338796,880421,-1.2861060819044199,0.36618551616826944,0.0028622670608264116,0.0984848534088368,0.0437795931671271,0.5273772462663316,31762.51958243386,0.3964895690508405,9.34122234738404,0,0,17.0101104726488,7.701035196845698,1.242179168551211e-4,0.026747947904190793,3504.59898869521,-0.03970585695985862,0.060023840418672654,0.5828040765359958,0.020521841773202883,0.019179034826790547,0.01834642425210405,1.150942605204166,0.0017105452885511705,0.18874150849611152,-1.1725618099888577,-1.1680071729002488,-0.8269137093710134,41.671769441490916,50.944936751838355
Nebraska,0.7868798406550503,0.7901193861075281,0.8227605460849461,0.8352663829160188,0.8443459549086191,0.8816613784810052,0.868426945405351,0.899970246072032,0.8666445019015014,0.8965182023119208,0.0010203787371218305,8.979153270295366e-4,4.8110374661274703e-4,4.079779683873579e-4,3.3146815866050576e-4,2.733724503136025e-4,4.979580453257409e-4,3.351828998681386e-4,6.293855799266156e-4,6.606018407483992e-4,0.7861126694953726,0.7894222740415001,0.8320891317541912,0.8430036058306336,0.8349419242809036,0.860070496196522,0.8247231290201267,0.8471498033724505,0.8496557967272311,0.8414974806394548,0.002088058212963997,0.0014321647359635233,0.00132578177047378,0.0010536028343053274,0.002384400778538491,0.0020934836941122687,0.001268851251559054,0.0012095993008034204,0.0027765059956989914,0.002797900060764269,0.7835526737127142,0.8011264021581338,0.8167591961035819,0.8338733254106087,0.8453214242929298,0.8849857852044969,0.8706598591667264,0.9020396894867941,0.8664657806331276,0.8973908344917362,0.0021055526065082825,0.001931745423977414,6.826608409734072e-4,5.690747446565749e-4,3.567709691598059e-4,2.9613458175971433e-4,5.072274925204881e-4,3.390686254186459e-4,6.514502732054691e-4,6.71745504712442e-4,1754086,0.6642669678360151,0.1873894401851875,0.038773468386317615,0.17967541247051005,0.06326373956027316,0.4574202364997497,36821.305138059935,0.38501446813199014,13.912132346602798,0,1.72,15.513751513742228,1.2744721330503186,0.0031916846720627186,0.023890972033312814,4850.790127365222,-0.010450367796300047,0.12020588035516161,0.6415009345182995,0.01587025144374025,0.015892594225072703,0.041523594725845825,1.0547565363247817,9.064550163427369e-4,0.18486201483950332,-0.8150087225577537,-0.5099852723082791,-0.9333964928615359,45.50982479625959,50.890790912958245
Nevada,0.6876250925665677,0.7010277030693627,0.7355544324754224,0.7616818179738242,0.7469818885303514,0.8070855879715887,0.7622074125036995,0.8424272718403639,0.763295483949723,0.8450429592438478,4.1419008693966043e-4,2.7849033358931047e-4,2.3936619653065343e-4,1.6022256830767564e-4,1.8966609050458374e-4,1.1793355518731458e-4,1.40368577184058e-4,1.1178408827591464e-4,1.6864212857936294e-4,9.786266171991387e-5,0.692726381538341,0.6814760706277975,0.736925101639797,0.7588708367967874,0.7385693631252979,0.7819745826512776,0.7634168030387669,0.7965962797941638,0.7749841939777785,0.7793193743114573,5.557084232139971e-4,3.779909119090832e-4,4.408781184898576e-4,2.7345467342353125e-4,5.37696521945885e-4,3.8774871898310313e-4,8.632517486613024e-4,6.169675135607439e-4,0.0015593129635718852,0.0013298393160872356,0.6727019211278528,0.7619800590803391,0.7339123309092798,0.7692659270321575,0.7515347958808488,0.8182194372041774,0.7623752415649594,0.8499994275766803,0.7622411206375523,0.8489269944765314,0.0011347718819324044,9.881642067345402e-4,4.6548105620323414e-4,3.6509401518105005e-4,1.9797506525933822e-4,1.5904455009879784e-4,1.5751107234133037e-4,1.1332483754993537e-4,1.7851292338516697e-4,1.0215313778845057e-4,2112030,0.28570652340485375,0.06068067143806424,0.06258149741621616,0.12732636453676463,0.08770865229239287,0.2855264949749814,38818.69285138658,0.49641666293742037,19.54512325732874,0,0,20.621421180881853,-15.011237037560438,-3.101532253915673e-4,0.009116382855045487,4003.479658714446,-0.16072841748940583,0.04902869295588415,0.41303147002083096,0.05538036864903828,0.03372584670088691,0.15310930229631445,-2.0381083889753397,0.0016817942729018904,0.2143364727509363,-0.577961986848184,0.31557240074452303,-0.1243935004931199,43.88700525380039,47.77189283928971
New Hampshire,0.7081750561266404,0.7374465369225582,0.7833486776545786,0.8003358865407506,0.8264687494509038,0.8379780240431683,0.8521225829575719,0.8682607356367843,0.8754982076266823,0.8716872208780102,2.683531872230432e-4,2.4586998044447595e-4,1.1824317964853915e-4,1.0433028025620163e-4,6.877376976782708e-5,6.85045354647782e-5,5.359076131705113e-5,5.1069025454671684e-5,6.509398912981535e-5,7.156219128109501e-5,0.706571186282487,0.7380374030169929,0.7888354668601495,0.7916624209820464,0.8203931717220685,0.8279327894118901,0.8708418133964984,0.8258057081089367,0.8379257237455888,0.8641804838910151,3.8541627352110515e-4,3.785477805290248e-4,2.3262980431823383e-4,2.3465055791377669e-4,4.470957046385173e-4,3.7326412287248594e-4,9.822684091331233e-4,0.001202847445335473,0.0019704504416595218,8.622981334572362e-4,0.711521136356528,0.7355004858122328,0.778203897555094,0.8080977328279032,0.8276315368521117,0.8403793884475953,0.8508094396488088,0.8710184620919837,0.8770634278959558,0.8718294194373212,8.895029952510156e-4,7.136777819632203e-4,2.3797122837479186e-4,1.877545721553996e-4,8.254286933967068e-5,8.3854954158895e-5,5.6864789885040164e-5,5.313014239254799e-5,6.681342249502452e-5,7.563742702902018e-5,1311432,-0.2039744733690729,0.019300988486607384,0.006685821425416567,0.07457215855761487,0.05731954966229434,0.3106753592357438,42946.33512800587,0.3890349102000714,13.789712195523672,0,0,16.56202915471785,3.4723612438541993,0.016687923939161922,0.0091503030708055,8371.93917711944,0.02178332059806837,0.17971822091823292,0.6307021871604322,0.024079784536611026,0.020299184400751312,0.0419790500169761,-0.17700278953101334,5.940071469274655e-4,0.1749511277725189,-1.1344922510053894,-0.7107334797931116,-1.2054266231542008,45.39065582050537,50.22652514856431
New Jersey,0.7403160430304013,0.6945963681505207,0.7939207990155779,0.7612243546083175,0.8249005242675258,0.8112759200776031,0.8518851248214606,0.8516579072964674,0.8702474725222318,0.8759286289869238,4.9840671614175885e-5,5.614407059750366e-5,3.108612215485522e-5,3.4551287804217404e-5,2.479488080330454e-5,2.5597682681798515e-5,1.615484580029281e-5,1.5636545376025022e-5,7.967319438965919e-6,7.499883012483264e-6,0.7486022265215725,0.6931606068438696,0.7940526946823901,0.7459384172930233,0.8170027520782537,0.7878789820841118,0.8384984269194256,0.7972530541546844,0.8353072700511207,0.8160406346168099,6.821914464192647e-5,7.754857451598798e-5,5.4698160279258714e-5,6.31346106055569e-5,8.832632895016871e-5,9.055329502094249e-5,1.3115441956154037e-4,1.6269349095771447e-4,2.899540529861008e-4,2.798243833632309e-4,0.7158882201280977,0.7030468454193984,0.7947822251794724,0.7874024058812461,0.8285915441663667,0.824530793543643,0.8541562147416899,0.8609090348678283,0.8716706028327537,0.8784555648255941,1.8870357089445739e-4,2.0210390139337062e-4,7.377963226732923e-5,7.670759640448165e-5,3.565260555576474e-5,3.619933970913822e-5,1.846522553728206e-5,1.715753845640622e-5,8.186990031814189e-6,7.672398722726176e-6,6948503,0.19895624745541882,0.19549763292372185,0.12494706432001222,0.3029817502604935,0.10017137887000237,0.23864462445320525,51804.853071229445,0.4995760720619521,18.591525220612265,1.1904762,7.220000000000001,15.40416339,0.46065505486038927,-0.005940606630742506,0.004317476923829539,6766.3706327014315,-0.16772331937516613,0.1222232236820534,0.4789137851464524,0.01791119612246508,0.024035680776854453,0.20397458102366753,-0.481447121540396,0.0017537590232995655,0.18264131413150428,0.04298630633761401,0.7364658010544558,-0.994349456325246,50.21012724244359,48.56271292603515
New Mexico,0.7148482710528955,0.7220109275561003,0.7536572917129617,0.7768366087559209,0.7733294587612355,0.8272240231202757,0.7924163797858838,0.8487932921769729,0.7975516815533971,0.8495273278944817,5.221781573318174e-4,5.005381288808826e-4,0.00043638301235194953,4.0284000452834445e-4,5.598067679260211e-4,4.46000815666161e-4,6.503422733989407e-4,4.914661121201077e-4,0.0012181846890331055,8.032446544632366e-4,0.7201379397011277,0.7172406566835972,0.761256220860619,0.7663421963667559,0.7739562277622626,0.8226899037955163,0.7644778171328251,0.81646806521158,0.7745233464473434,0.8035587727554112,8.948249853788097e-4,8.507116361765783e-4,9.525181252050697e-4,9.11972497840338e-4,0.0022907663243590167,0.002077365967599106,0.003871078287714035,0.002527622244796532,0.003847455917480823,0.00416997819072068,0.7052486229661407,0.7326795249760346,0.7485057317596198,0.7815605314693256,0.7733766716581246,0.8279842302908889,0.7953567246508936,0.8534297411040563,0.8004257930897487,0.8540001374873961,0.001299823594780092,0.0010314704367586525,6.665401998320377e-4,6.328678440623627e-4,6.413175546347771e-4,5.002710698168806e-4,6.827306182663412e-4,4.730099761884676e-4,0.0012444438188634337,8.140284482644233e-4,1668529,0.020401901045857523,-0.013987883437686867,0.017598135681347583,0.16517823128748974,0.05879862609102629,0.3851428034867539,33188.262265977995,0.44977034240785146,9.946911000227416,0,0,17.34997545915472,-12.456488666601958,0.012442289291951415,0.021895613148272222,2958.4559531763603,-0.1321016976822977,0.06344354467435867,0.48653555017290784,0.026151178671945947,0.02382637640513599,0.07334010581208059,-0.5817289410296772,0.002311617040864378,0.23177361342955383,-1.0258428013463656,-0.6607818560502814,0.3542140671068708,40.036276424890445,47.56926029238185
New York,0.7270502858126457,0.7030925813931945,0.7796537278790246,0.7620167073763541,0.8107295684794953,0.8079247348533178,0.8437949177363547,0.8495891696981943,0.8649429879083181,0.8698481271421354,6.201229331019912e-5,6.111371574587028e-5,4.0352684179758444e-5,3.776625603288687e-5,3.219189896040814e-5,2.804101451958529e-5,2.810932022841281e-5,2.385337259437138e-5,3.7018906598503196e-5,2.9182423154985396e-5,0.7430395469213492,0.6933964103621104,0.7810923020592185,0.7427361516992841,0.8087912063338385,0.772578813249084,0.8371746887357382,0.8022219734641867,0.8252186293450859,0.80748573276428115,9.593470019199991e-5,9.961693796320347e-5,9.854497067457004e-5,9.362385792399177e-5,1.7284045471291045e-4,1.565255895973554e-4,4.332859117676824e-4,5.041950567765782e-4,7.722257482123552e-4,8.976286153789879e-4,0.6950961203726411,0.7231114366470178,0.7792624085324706,0.7910367331356213,0.8120050321107938,0.8298083082503592,0.8451713330470273,0.8581006063929935,0.8666003772490259,0.8728460309615652,1.8128210091862204e-4,1.63123651744331e-4,7.380565695776763e-5,6.656846536010165e-5,4.218793063484956e-5,3.551647542188324e-5,3.075158100542364e-5,2.5425718170448733e-5,3.839844874561303e-5,2.995540059470875e-5,18697581,0.017015269752192624,0.08975016066029022,0.14873073526660704,0.3287540252416172,0.09979958415062189,0.22907078780924867,42343.50062800044,0.5773432546127801,22.152621200249946,6.9047618,0,17.580407699959338,0.2424522476490569,0.0030867823215079233,0.01481475116499204,9094.272117857578,-0.03337109903098909,0.0993606550782415,0.4293803592439653,0.010646296973166993,0.01914081827004907,0.20390161704276175,-0.6131299708408671,0.002813898772529141,0.2591643843523844,0.2797905394236484,0.7239093881400507,1.1060247404381425,46.96560099290041,46.78355300330684
North Carolina,0.7119792129474919,0.617930081065949,0.7539378932796159,0.7138526225141016,0.7810909742221293,0.7902271570464998,0.816799057270991,0.8453658906726473,0.8383674649924814,0.8581827299062901,1.9987207964161118e-4,2.2214043637024713e-4,1.679922884704003e-4,1.7385855678146947e-4,1.8247742133697172e-4,1.6286542353200758e-4,1.973051580758988e-4,1.7821590928981886e-4,2.6782378838357586e-4,2.60790095459978e-4,0.7164370020987565,0.6100079592840952,0.7673674510955203,0.6970366951992788,0.784933025974315,0.7665396394367888,0.8004149632465651,0.8030114638179819,0.8177777444319797,0.8126831746565033,3.0015685706340196e-4,3.35121689327841e-4,3.96112288926692e-4,3.9597578204238264e-4,0.0010836300152355326,0.0010249719451107737,0.0023536557327378297,0.0022967866261211097,0.004051132882107312,0.0036293355330114484,0.6920211625962368,0.6510319473629086,0.7358264056108802,0.7387372371542092,0.7798086646580126,0.7972330613645379,0.8182878544901916,0.8479844230766568,0.8387184023307522,0.8596943402366723,7.931152736770236e-4,8.287392723901257e-4,3.587256707301594e-4,3.583874837113788e-4,2.24828308853779e-4,1.9538784234216219e-4,2.045561885406772e-4,1.88331885856232e-4,2.7446235757157126e-4,2.6865156366814684e-4,8370501,-0.1608244042794834,-0.25358332489224267,0.21508545322626896,0.17653869095911237,0.05712381071692319,0.29792545004191623,36142.45365735898,0.48823352680381615,14.45031946632125,0,1,16.271444487903754,-0.9480985897529276,0.02237283412122243,0.01501386067596317,4791.674243303477,-0.0035513339630684855,0.20051166548602647,0.3759340031796305,0.02529287076088451,0.02104007872522539,0.051989940515336897,-0.7412498347573698,0.002996161533772877,0.22896970484853418,0.9404571839001858,-0.7173440003399142,0.2772535172619118,39.894385060240715,40.61971297350242
North Dakota,0.8192306402209995,0.8572565687027562,0.8436593079667617,0.879048964995513,0.863033503358429,0.8969043765626907,0.8722486542246553,0.9078423854085472,0.8772360213258689,0.8990059382359096,0.0016634984578447894,0.0014619258680171462,8.32534909377012e-4,7.969610408886628e-4,6.381813408208986e-4,4.846876401850071e-4,7.545343185200052e-4,6.466514451164685e-4,0.0012639929119079411,0.0013591556249701528,0.8311310925638518,0.8738338728663064,0.8134906763076987,0.905790827103145,0.858361819851087,0.8959697828088926,0.8904014497317665,0.8940663866017196,0.846208951457484,0.875,0.00233936322772943,0.0018894785169286804,0.0024447336978280117,0.0014293625222293552,0.0027689086396445175,0.0021224183921199615,0.0036853866283051524,0.004407541131990712,0.008400355626804565,0.0068359375,0.8104546545518009,0.8443329240300914,0.8561188806444266,0.8709617323709679,0.8639266731238521,0.8980817066305854,0.8725458714633093,0.9090357188496121,0.877085861837385,0.8980435236821777,0.0035037854701186195,0.002874756421660888,0.001091697965394895,0.0011075378893234226,6.187397411534658e-4,5.266726476343632e-4,7.797428649295499e-4,6.578705246904397e-4,0.0013246460536582968,0.0014572632136260109,751725,-0.5133944138654424,0.46973651347373524,0.0055139845229585024,0.10300458341847338,0.03568044862205018,0.5837682921432971,33066.74124132894,0.3369997424934251,9.837479785302987,0,3.44,16.646173889526967,6.7918053619857774,-0.018659300120870123,0.03273252563689667,3317.0029464917134,0.010024174004557646,0.07342882571324487,0.6247863128969201,0.015406925503940495,0.01727236795034587,0.019385496731187602,1.886381538192943,3.791280041019921e-4,0.16724768091817221,-1.146159754887093,-1.4415328561899232,-1.4168675924950214,47.31486102127305,57.68398598602719
Ohio,0.7025596750048397,0.6652592787271182,0.761665173239459,0.7722481121008548,0.8033760937578155,0.8415842516560954,0.8412698954206604,0.881001835490983,0.8568388164229719,0.887095487218218,1.5469493132906067e-4,1.592748642924128e-4,8.323252484045509e-5,7.459985732884643e-5,6.046427390301284e-5,4.638378218896562e-5,5.520528407427994e-5,3.977070222250415e-5,1.0383764868932878e-4,8.683886023180549e-5,0.7084952535818343,0.6472482355649648,0.7712463140130613,0.7491709092018966,0.8017151605966503,0.8058193460727374,0.8306508400238338,0.8320839742508037,0.8314092327462831,0.8389185661004175,2.4327014069828442e-4,2.5458724346903825e-4,2.1994905134860938e-4,2.154991471005469e-4,3.794007437207662e-4,3.287351155894807e-4,9.110434757411652e-4,0.0010204252511564723,0.0016139855345889893,0.0018309419660836144,0.687296927620098,0.713148171566756,0.7527286670996689,0.7935176278766591,0.8039434308008364,0.8507341951148243,0.8422973222763193,0.8849170718093613,0.8577304468229866,0.8887000350803044,4.8299532762593735e-4,4.622708995275974e-4,1.422313320558644e-4,1.1976869012834544e-4,7.29076143626232e-5,5.426666055356687e-5,5.8421292457501286e-5,4.12664040305665e-5,1.0692350390966305e-4,8.876668952227406e-5,11957831,0.10671200929632524,0.27386671845430194,0.1094129897349358,0.3133294309020186,0.08197735410340186,0.31442192659049034,38886.60576712641,0.4151750943929045,11.941345206346142,0,2.66,18.929097319651532,5.918212005966501,-0.014328871526551733,0.01488564286767617,7446.253031254155,0.006991471076659388,0.20086657278084044,0.4942598722822082,0.012933449216842799,0.014587511732552176,0.029377137174443367,0.5779024343416302,0.0015282816570766345,0.22736020942006038,-0.1116800900668157,0.12201397629213609,0.23307671056412788,39.83404368891181,43.83869014582619
Oklahoma,0.7047935336489815,0.7201845272052037,0.7514903280896348,0.7993500814069471,0.7659457399429709,0.8423461147110173,0.7982975258696263,0.8699231511871645,0.8078328443004681,0.8773705778654868,3.633663664783959e-4,3.418681231186891e-4,2.835877497091998e-4,2.306470870310796e-4,2.9644709523328396e-4,2.075542022182059e-4,3.4579229361956566e-4,2.892904880309606e-4,7.112531487772409e-4,5.22631848088793e-4,0.7142359286203057,0.7144018833179847,0.7675412424481317,0.7832563747917225,0.7688862754365597,0.8142601442066048,0.7770671319835706,0.8484637348429294,0.7699936129410477,0.8585351679537299,6.213171331291855e-4,6.721595420978193e-4,8.914899508535515e-4,8.896416316615131e-4,0.0023479434492456523,0.001395409142532246,0.0027635018997459295,0.0022696453696090368,0.0018118305932250283,0.00118359437880464,0.6862606590491475,0.7301906533780397,0.7386520040979274,0.8073083470187612,0.7633351715682376,0.8478164707985661,0.7995026495950027,0.8710457064939274,0.8082466521647664,0.8774339301179989,9.031909570272357e-4,7.214851837592361e-4,4.3455556461213416e-4,3.1293895754767317e-4,3.297561051743607e-4,2.364283427667122e-4,3.607311336670021e-4,3.031910712700193e-4,7.412109769208243e-4,5.366911603154352e-4,3167577,0.20922919520788671,0.19971058361082097,0.07982663072417119,0.14232753055356,0.06135116478117716,0.3692732117100547,32730.354533171252,0.45600730182419247,11.958442849106431,0,0,16.612943788060676,-3.4480662565353644,0.010252226256775332,0.014047782218231435,3251.6498476555685,-0.06077198994229867,0.12280979884884534,0.4359908114797588,0.018433963877656345,0.019145864491766897,0.041028404927063715,-0.3758695806911925,0.001745452209875119,0.21817050939212213,-0.4062592671204741,-0.5745770871675668,-0.01915838796468944,38.930100857701326,47.6327509818268
Oregon,0.6674701406560927,0.6949205452554597,0.7037712519770697,0.7702269291937183,0.7389488083628292,0.8051676024931765,0.7597278767601696,0.8416313293730691,0.7905665011084294,0.8495876597189234,3.8552024971139385e-4,3.586069976325318e-4,2.9228633571092184e-4,2.016023788686409e-4,2.2068450002261282e-4,1.557545821574183e-4,2.794292378578104e-4,1.6988404001778865e-4,3.277186057501437e-4,2.2226189266815334e-4,0.6707829681760092,0.6886611605961782,0.7105351071648295,0.7613684163480754,0.746266022012441,0.7853079131430887,0.7527286726721314,0.7930948281552932,0.811240150524263,0.8065091136922753,5.447562650315086e-4,4.7319782835608914e-4,5.883309281755896e-4,4.4845171099738867e-4,0.0011311671668824304,7.732182169841046e-4,0.0020345439887591603,0.0018721971663054847,0.002102915366084395,0.0024209769036980986,0.6600501096971628,0.7072788875980228,0.6986921453722693,0.7754629606055726,0.7359885626845077,0.8113324443524306,0.7602646915560602,0.8448347766052159,0.7904638501987397,0.8517472708664067,9.226993298487154e-4,8.596231601818941e-4,4.3381743454483666e-4,3.230533691454694e-4,2.5189736490374324e-4,1.7864524017698267e-4,2.85805956522186e-4,1.7640628694375556e-4,3.0454817364793904e-4,2.2581809904446672e-4,3624140,-0.10323382031076768,0.1495916941054498,0.015987241075048206,0.09064489926047511,0.05289447125503875,0.34176788963630267,38200.630777532875,0.41178595240940746,13.06225322418641,1.1904762,0,20.95434915127709,-2.26964592334096,0.016540819459454473,0.01281163604044135,5858.509708912053,-0.07773271014506561,0.14629498146694223,0.4001087101712967,0.027860251585763794,0.022508491501094335,0.08541914179021026,0.18740379214305222,0.0011594779745620312,0.2000456756478061,-1.0418818440031015,-0.8601779661532115,-0.5166415220364151,40.71327385932239,47.33435619719392
Pennsylvania,0.7276493550930394,0.7028525464584459,0.7766752171710665,0.7756082561212235,0.8163210548793072,0.8401440008574893,0.8533082337975281,0.8815506467024817,0.8675823968951599,0.8885089263661352,1.0148573951486664e-4,1.0812790391011632e-4,6.0250827531372706e-5,5.28054905159235e-5,3.849149727534659e-5,2.9543463436637358e-5,3.456573903101905e-5,2.5635872060593277e-5,5.1638716726054756e-5,4.234998809294426e-5,0.73594242038766,0.6948977159409939,0.7884182445591323,0.7591648873757574,0.8154461440928644,0.8069634847740279,0.8486517522179693,0.8436799298143008,0.8647909856481902,0.8433410408989997,1.5333797420550723e-4,1.705678215752475e-4,1.4513817259614506e-4,1.3866163195603724e-4,2.914357136719956e-4,2.318750166294388e-4,6.331951264420665e-4,6.848920748674227e-4,0.0012193472816145051,0.001315605484050508,0.7176413521162882,0.7299933712473351,0.7688370300942873,0.7974603589408278,0.8166116996884923,0.8517007857984286,0.8541396182955378,0.8846048782118876,0.8677116330533686,0.8899613382069559,3.106574145630303e-4,3.2312020479029045e-4,1.0996241266700235e-4,9.126897968010669e-5,4.590660714633248e-5,3.4605802556666115e-5,3.646233489924262e-5,2.6577307980928476e-5,5.307107601319115e-5,4.329137131746354e-5,14075802,0.17229073807284642,-0.02038183825155824,0.10434645435089625,0.2962721997327743,0.07887348699841913,0.2997125159692741,39386.88000772872,0.43730658306502823,13.152981945504127,0,0,18.40733534952663,1.0996363818129025,-0.001381590418163417,0.016815445567804576,9677.28963751231,0.08000370976558457,0.1517658428384365,0.4733511433309783,0.014256878579914152,0.013061351672896286,0.04441801022378952,0.3352893532667261,0.002279218936097581,0.20986667226933,-0.16212548136540425,0.017189780783042372,-0.24707876444245094,44.74453171924754,48.715970488146326
Rhode Island,0.7473251028999999,0.7184838159999999,0.805538832,0.7881835324,0.8364648573,0.8170403587,0.8697427521000001,0.8636088099,0.88250349,0.8784961027,7.770794e-5,8.6143453e-5,4.7154132e-5,5.246708e-5,3.1730782e-5,3.351691e-5,2.3129909e-5,2.3800492e-5,2.4125426e-5,2.4470585999999997e-5,0.7520984891,0.7177842566,0.8062460166000001,0.774153074,0.8265895954,0.8125701459,0.8664596273,0.8301282051,0.8510638298,0.8345323741,1.0433484e-4,1.1811662999999998e-4,9.9562385e-5,1.0968638e-4,1.6571009e-4,1.7093142e-4,3.5933958e-4,4.5197233000000007e-4,8.9896587e-4,9.9343946e-4,0.7340590979999999,0.7203791469,0.8049058756,0.8022670025,0.8389437028,0.8181563463,0.8699737762,0.8658615484,0.8835698821,0.8799431683999999,3.036024e-4,3.1821965e-4,8.957923999999998e-5,9.989587900000002e-5,3.9209855e-5,4.1685777e-5,2.472015e-5,2.5047515e-5,2.4747209e-5,2.5016147e-5,1582997,-0.15173893,0.030165296000000005,0.032665886,0.23007306,0.085039236,0.32803524,39543.27,0.42631999000000004,13.552,19.047619,6.15,14.764829089999997,-2.2059562,0.007751912800000001,0.0044219918,11923.620999999997,0.097471833,0.17129561,0.57170999,0.013684169959999997,0.01931083887,0.11502864,-0.3892911016,0.0017997507,0.24800183,-0.87581944,0.22542043,0.79963952,47.03627,49.629147
South Carolina,0.7346653522326719,0.6558054691249297,0.7669952489743553,0.7401250796967954,0.7869986966604408,0.8142988496241756,0.8188248009472506,0.8546189859997687,0.8384097616243036,0.855800160953393,1.0917965367244299e-4,1.3284148968062374e-4,1.162101326008847e-4,1.2393366102056628e-4,1.5055239700909393e-4,1.3432254977839957e-4,1.4907123927946774e-4,1.3512984069070886e-4,2.2969451998926374e-4,2.2888961593728948e-4,0.7410506705306399,0.6478469779125451,0.7853734819999556,0.7248397994559226,0.7943768757860118,0.7762313996108743,0.7927779562598246,0.8192947303705784,0.8229239600466173,0.8016343924010237,1.3572119247819888e-4,1.7140275816356472e-4,1.9705559054606316e-4,2.3066681762540152e-4,6.988157827047404e-4,7.393529025666863e-4,0.002186698172521936,0.001973508307930029,0.0038989963673513534,0.00528322513398337,0.708933263893108,0.6822495577409056,0.7440626113399937,0.7598585150454096,0.7844759336718163,0.8253494583056487,0.8204873527557377,0.8573043521959132,0.8383986323735823,0.8579417442324586,5.726291964938044e-4,6.083545596577477e-4,2.798532717178303e-4,2.662985356776563e-4,1.933829088623795e-4,1.6232939482307504e-4,1.576879564346125e-4,1.4191056793659096e-4,2.4114975713683008e-4,2.2685264641324917e-4,3461541,-0.13587893358530895,-0.28013828833919924,0.2983457396957598,0.1746848154676605,0.062361502465248395,0.3005657925651321,33601.41264729495,0.5043978616588624,12.945210303344494,0,0,16.32047690964686,-3.207570467154802,-0.00914417285287727,0.01531109998708919,5161.7981503542205,0.007299385526437766,0.1952560609682595,0.3870509061994788,0.020083829716295198,0.016606476711660188,0.028685305539154094,-1.4486887340004397,0.002688298201082899,0.26768291448540693,1.7694455900880157,-0.5404558058216367,1.3398379296519007,39.69980521631811,41.07996865520414
South Dakota,0.7980426057469779,0.8136245792007373,0.8257067775727326,0.8560995035475074,0.8459313886415998,0.8910830062508579,0.8881790484334836,0.8938448000200676,0.8866887764692855,0.8875742251206621,0.0019839929242792195,0.0018590554809098303,0.0010297199557373548,9.545451835715263e-4,9.571148456406527e-4,8.811259025363343e-4,9.532636816318467e-4,0.0013173968494073949,9.510214622070862e-4,0.00106882347840369,0.7847178116521386,0.8111150614662535,0.8141281025187592,0.876570442726087,0.8458267560589232,0.8979452113263408,0.9131175899727353,0.8668933269528907,0.8180537296398321,0.8687687234915364,0.004076121537977653,0.002800426723126942,0.003308601835094428,0.0022033873976192897,0.0026215003598203724,0.002750194787235094,0.0035510629743889808,0.005558079120428215,0.010077338223464932,0.008585999594582701,0.807959631388999,0.818571663868367,0.8309512292713237,0.8504690140907427,0.8427299989236074,0.8923911576622262,0.8872368889814956,0.8971081757411733,0.8882786822404004,0.8877428818740268,0.003607513644787467,0.0036761809735616235,0.0014782466370407837,0.0013924105767540319,0.0012080631248358726,0.0010039469217675502,9.765933979097967e-4,0.0011963699793110338,9.576122930337095e-4,0.0010947927345049367,761641,0.7197699249595418,1.265015814869508,0.005963439497101246,0.11613766873869316,0.0369588107824802,0.5480080878082193,32828.87866510469,0.36100800211738865,10.073629313848832,0,0,16.177416894190767,3.578522133096688,-0.00450539070746787,0.04014613208295975,4467.179828630748,0.02534940601726138,0.10284020702046935,0.6844829753441698,0.014287316808012266,0.014206813726933514,0.01745962513282124,1.5780778124806651,8.789566915908545e-4,0.18594277488027036,-1.1416846917107928,-1.398359778040993,-0.903732199022915,46.11247176371297,53.11215727855458
Tennessee,0.6950804540378591,0.6448805409457451,0.74190937774376,0.7454239909196381,0.7770813094945435,0.8147885485406652,0.8150713660930894,0.8545821910181451,0.8237215546176536,0.8591691647417847,2.4997832626209567e-4,2.5717999877203845e-4,2.011416799413707e-4,1.8389798756845708e-4,1.8507458185073396e-4,1.5422926310335296e-4,2.149119756034869e-4,1.6705355192907952e-4,3.813975863032097e-4,3.3767693530623315e-4,0.7075638910892296,0.6427145253051704,0.7597986036601749,0.7322462287961655,0.7955901362508357,0.7912545507742993,0.8268349220501114,0.8132274344441017,0.8081458762952218,0.8157738754042327,4.032727867468678e-4,4.374933051624677e-4,5.174990882276083e-4,5.064070565732981e-4,0.001221422062353536,0.0010844300368180021,0.002545215479132663,0.0023511009792847675,0.0025313800506325964,0.002847672990019791,0.6691844224432801,0.6590049949703265,0.7203042066192046,0.7620555620238103,0.7709792696287032,0.8247395281881829,0.814588150154565,0.8581955673766981,0.8246344989774633,0.8605493616846835,7.875587563469502e-4,7.462108857131433e-4,3.823784488470741e-4,3.200298696399286e-4,2.2346694119289575e-4,1.8114267926542325e-4,2.2784572369218795e-4,1.743399200182079e-4,3.915366873152108e-4,3.458857757711048e-4,6112509,-0.05563666699572874,-0.07268119652431677,0.1626754290579253,0.2143462322381184,0.07214435995955655,0.2820716334379876,34685.140311127885,0.4921330392012854,14.538916558908591,0,0,18.60819712577512,-6.094755779218374,0.0022445181107860457,0.01520895785000508,5253.469604315115,-0.03610082017661076,0.18985337567781416,0.3944793704524116,0.017803654767498848,0.015552206138066594,0.02716013509376634,-0.6090669795380107,0.001931719768761129,0.23238058604690806,0.41863210243489213,-0.2100674970743503,0.37087396664809164,38.17019687656345,41.32423201256865
Texas,0.7442328342866715,0.7143288928713311,0.7733545223794518,0.7848505495418563,0.7895215360663048,0.8263347894250295,0.8059407709498994,0.8564311804144532,0.81397493110838,0.8593112334461929,1.7527822506167715e-4,1.6639074133535783e-4,1.6701096511062777e-4,1.3779842313549033e-4,1.9361654593159228e-4,1.3918161448591752e-4,2.2909021428129753e-4,1.5040793631910772e-4,3.2396043590477065e-4,2.688625592119691e-4,0.748375987477315,0.7049865111933156,0.7842384238731981,0.766604746241318,0.8003390904981639,0.798130982533817,0.8083260704600099,0.8142371918372051,0.7984226164490096,0.8333138705129061,2.5412748133472494e-4,2.743558569012395e-4,4.623237907769684e-4,3.6211173963888196e-4,7.631421177609622e-4,6.731483666520405e-4,0.0014012572608757816,0.0014757120942234016,0.0026949739131881417,0.00214707678073092,0.7349385907784017,0.741399469862276,0.7625770919252822,0.8051964072240712,0.784607652729527,0.83515120076867,0.805828489204558,0.8603917559970083,0.8147820401770964,0.8605399226774771,4.913692360698302e-4,4.6360853655645325e-4,2.6867805854267066e-4,2.1219830514610958e-4,2.272595641022851e-4,1.638608930280631e-4,2.417786756763094e-4,1.5720997383534554e-4,3.1478152097710904e-4,2.817682344483176e-4,21069355,-0.035836860607081966,-0.01017903048491113,0.11286795667581252,0.2103392169350406,0.084413144682507,0.29081534782660073,35455.20956655697,0.5246274673570193,15.640513409193554,0,0,16.025834387162014,-0.15171456811785758,0.0022707970326690924,0.008940220311069232,3392.4525434427273,-0.11004465422583445,0.11691681493344523,0.3625383285333362,0.02585705760108968,0.02399318350223092,0.13888356980247518,-1.2429774400157174,0.0015235294175474333,0.20813389011885225,-0.07728039276016081,0.20427596438121487,-0.2946395025438927,41.98896729947567,46.65724301402272
Utah,0.6657256464830665,0.7953554581465622,0.666909270882533,0.8369785549803526,0.6570181223583218,0.8846443843302835,0.6482853249097843,0.8947279409355129,0.617632071995094,0.8834946325550772,5.201165761640232e-4,3.3586204931903576e-4,2.8324580103095186e-4,1.917490549179978e-4,2.0144998073471227e-4,6.108618559231284e-5,1.7800099956130877e-4,9.145365910336174e-5,3.2962982913473576e-4,1.3338302359840523e-4,0.6953970535624034,0.7842175444751917,0.7088928887770239,0.8279753587763088,0.7097884396522967,0.8549452276891116,0.7191885552093923,0.8597976853765507,0.7133059891814485,0.8571503117282658,0.0010012449208554315,7.359587238727934e-4,0.0010563391621041932,5.912840225797164e-4,0.0013864588499978533,8.604041066468504e-4,0.0035031691223859495,0.0013698059451267874,0.0025751658299258554,0.002495892134436977,0.6238329708945975,0.8099100717772254,0.6374933289274208,0.8427387207893123,0.6487155414495502,0.8886096483230527,0.6453210047845956,0.8963305972728368,0.6159227041674987,0.8847420384552912,0.0010070571776870782,5.744458476455682e-4,4.0161747162970307e-4,2.59436760705835e-4,2.2049278046400593e-4,6.463817957788762e-5,1.840118028188254e-4,9.310384146383469e-5,3.3480609146555767e-4,1.3228607906076554e-4,2225282,-0.024230725541279637,-0.1456469759726648,0.007247620499485503,0.09253943184949773,0.08292322283059922,0.3718011275936713,34184.17960020213,0.35948204827929675,13.300657273383383,0,0,22.094697144013523,-4.989924050878691,0.0013173287623622382,0.010234076859691833,3300.450810879521,-0.03390664664474556,0.1214824941212597,0.5358364624257763,0.030305821915302223,0.029284378339190568,0.07133639813915495,-0.6594047621639593,8.911229770634777e-4,0.13376491741228438,-1.1288986125023257,0.1539580747154967,-2.3358888189222533,38.65003624914735,52.2815311624197
Vermont,0.7526413020944709,0.741285762974949,0.7715707735532228,0.7962642588336051,0.8225539266679595,0.8519158871215534,0.855553984577136,0.8684073213215351,0.8727216812900612,0.8745242389875475,4.439583612847455e-4,4.52530904315822e-4,2.6978659011156356e-4,2.4342933171971024e-4,1.728889330937184e-4,1.4345467635410125e-4,1.6699067250097743e-4,1.5705677113711674e-4,2.4639130702914944e-4,2.6052019514485403e-4,0.7420995948902718,0.7420417905671095,0.7937969011922658,0.80600562965092,0.8530160527271684,0.8109798106584809,0.7840638970565412,0.8848523089966495,0.8263979328408935,0.8250563237771029,7.678843141427879e-4,7.53401451268902e-4,7.005692578390141e-4,6.358559201297353e-4,0.0011870445920196975,0.0010633380464747581,0.003796715936745548,0.0031061736748218332,0.0043387929635186765,0.005170207136878342,0.769787320992773,0.7410417463792437,0.757958402882244,0.7904367148320514,0.8171589590340106,0.8600246116256312,0.8584914540595578,0.8673923721671598,0.8762732473751519,0.8778684688981847,0.0010546169349149326,0.0011357771632757724,4.4037155253711584e-4,3.9943161543287806e-4,2.0423681915843374e-4,1.645270856294871e-4,1.725455525115788e-4,1.6592186756829775e-4,2.47905320812471e-4,2.6498965814130017e-4,682929,-0.040067660428053264,-0.45429532496069136,0.004553914020611807,0.0393111124745896,0.03789980792043829,0.3820108299855036,36862.469170025,0.40122657096373127,11.472266152118303,21.333334,5.9,14.589655245822465,6.2044194772440475,0,0.01361980274947734,14066.787174966801,0.19486971106804807,0.1584328015622854,0.6403808101728438,0.01587280669305777,0.014619382103944391,0.03891091177137448,0.6831954440382874,5.827838612177693e-4,0.18990894508934308,-1.1557187610758952,-1.3665802750490315,-0.7948703927221131,44.539999475973346,50.71699146221643
Virginia,0.755317063763228,0.6646393600894769,0.7891724192944283,0.7629930273209825,0.8134870512302423,0.8304042332639692,0.8463675698217491,0.86581724029191,0.8547477553821624,0.8795405299564897,2.868916561941505e-4,3.231655659767487e-4,2.189172983840541e-4,2.198498094047141e-4,1.8800699388300173e-4,1.6520220581430398e-4,1.8355209442557217e-4,1.6222065656265386e-4,3.1767355534608713e-4,2.54504013968573e-4,0.76203510828104,0.6562033327858234,0.8019745147168751,0.7492973196432341,0.8263326206378866,0.8008031498131958,0.8276073758239428,0.8024042133355661,0.8578520224779866,0.8161229733919076,4.478696021748885e-4,4.915796767828329e-4,5.313284532004593e-4,5.550820620804191e-4,0.0012426646231066655,0.0010785396075519745,0.002204211781324898,0.0029235319993251344,0.0032738562978499902,0.0038443692473211946,0.7331553652158792,0.7030456506862811,0.7765366988439217,0.7823821882588731,0.8098230620322785,0.8390560294068102,0.8475684432888683,0.869778961566989,0.8552239830747873,0.8812562883844723,0.0010696594500503207,0.0011286656949155937,4.290794997215912e-4,3.9914647964330925e-4,2.281550138580831e-4,1.9860132323573602e-4,1.9346337363996868e-4,1.6867550199801338e-4,3.281256753466333e-4,2.588890470848052e-4,5130298,0.005530728516337652,-0.16097271420096687,0.22579916794943783,0.16877864172867482,0.0751201444068683,0.2816640511312501,35989.4989333335,0.43263891599704735,10.253509948687718,0,0,15.60586478026536,3.475297795552466,-0.0059915884183633986,0.01597992929182199,4336.809122744054,0.0748527291392601,0.1391037581981963,0.43970459078091173,0.021463665463950257,0.018049438842426272,0.034991134667825205,-0.44028227548330146,0.00135516669151468,0.23427865355711697,1.0471292409253556,-0.10956876070403318,0.4229713337419815,41.7501023077751,43.24426831038178
Washington,0.6898618968978931,0.7008627299373474,0.7310472162276836,0.7778565151650942,0.7509946906156221,0.8156088491810635,0.7746522185708888,0.8428594384851129,0.804011923301359,0.8605376028029417,2.62747521951668e-4,2.5522521417502964e-4,1.8072486259763349e-4,1.4358720271418014e-4,1.4127276857905856e-4,9.092327218237492e-5,1.1975754290447569e-4,9.093383914065732e-5,1.753373612986084e-4,1.4518215008261508e-4,0.6917594999399431,0.6908594587996155,0.7347736533236524,0.7680975082162923,0.7541434071046715,0.7818789765950466,0.75922327564267,0.8076286404356113,0.777567546110394,0.7854270049167037,4.088097074499047e-4,4.287883864441816e-4,3.650949383954113e-4,3.678466696493195e-4,6.895894330058974e-4,5.908192233161424e-4,0.001470306798054673,0.0011058842317338655,0.002121227131931606,0.0019305452967529819,0.6868585736725854,0.7217609223605276,0.728660607202164,0.7866026878954677,0.7504573261624063,0.826552137265709,0.7763750516196626,0.8466087456011688,0.8048781307103937,0.8640643500391519,7.238384854728257e-4,5.914260968052115e-4,3.071741527193733e-4,2.509026264898334e-4,1.7121195299995805e-4,1.0075429111726657e-4,1.2798901237432995e-4,9.487726364965642e-5,1.838216257848206e-4,1.462188778699521e-4,5817472,0.14206669648051423,0.170647672454943,0.030951071783452418,0.10770562981467925,0.06575741828846465,0.30486976166948115,40752.42754944811,0.41637432492495535,15.663500666856393,0,0,20.807096122475674,-0.018874484519048877,0.012240623953274972,0.011195651712745218,5080.805216805968,0.03053540802577169,0.12102552936179667,0.3913867533844701,0.024398226586227492,0.022063535502444262,0.10271417887295546,-0.08186497263961293,0.001749355291249359,0.19770277309418594,-0.8928931140314383,-0.42576834884079373,-0.5809485152870916,43.09162687837948,49.17098954053874
West Virginia,0.6487972492349612,0.7510463793951901,0.7089536589517876,0.8401919392664033,0.755158634387976,0.8710094603179803,0.8043544510496705,0.8992683439948338,0.8386039759720079,0.8915986217011111,5.654062662343598e-4,4.592207719916689e-4,4.693178498361207e-4,2.9494656066338316e-4,4.2464175721980516e-4,2.6944045346844825e-4,4.927101571913022e-4,2.541377942224286e-4,9.58869374804744e-4,7.792859292216441e-4,0.6770370406264775,0.7386893259926316,0.7317595430994988,0.8234444363140614,0.7581911199175172,0.8601458097916765,0.7673545628490867,0.8656096216245343,0.78172294476223,0.8802899673664821,0.0012199542321747927,0.0010926145197079462,0.0019958221908828264,0.0015128222544737954,0.0036417009399279123,0.0020414280709120736,0.005263148396698872,0.00355628819707764,0.00824119368169602,0.005579370731089154,0.622552720239976,0.761858840414927,0.7019706176212339,0.8456031044690113,0.7540365553937348,0.8730307262337998,0.8062070874863675,0.9005709611075177,0.83994729583628,0.8945765622632476,0.0010851206924054945,8.098386635546424e-4,6.120587552865838e-4,3.6946662977099446e-4,4.781911399283152e-4,2.981769680876063e-4,5.06768238679347e-4,2.630125522869103e-4,9.914064242453784e-4,7.807695593367228e-4,1414944,-0.4713466746092359,0.9782038785165987,0.02973403888214184,0.11930446873192013,0.03426214339482382,0.32319958867737525,30138.144359263686,0.426111394487591,10.3057869944513,0,2.5,15.978954335664012,-5.410465328336662,-0.0032594886952361365,0.0251451954549161,5210.251131674397,-0.030945772208351166,0.1063418206274022,0.32101195874497507,0.006804509578007717,0.007755783974272999,0.010286294290288591,-0.011765135091105267,0.00126814805942426,0.19822533188694394,-0.9050106193010747,-1.4894320865147808,-0.5666056249391432,35.505827247850796,48.32521914951192
Wisconsin,0.7697351096792415,0.7374348994721219,0.8184804606281506,0.8089070485062813,0.8485166149634605,0.8648293758391125,0.8778333862392546,0.8945364112188621,0.8847077620368874,0.8998595638373239,3.5092699220309e-4,3.5448047701085465e-4,1.6402463776224856e-4,1.5859614120291343e-4,9.862279557443332e-5,8.340396713296634e-5,7.943293229803819e-5,6.79797705702387e-5,1.4792761595628257e-4,1.1108138736541613e-4,0.7668679088560044,0.7306419021814079,0.8286223449969026,0.7992326256797758,0.8471419639067312,0.8379623159827407,0.8621837860014909,0.8468387897347799,0.8465267681795046,0.8655162802608088,5.823917873535658e-4,5.969974986377394e-4,3.969647031182212e-4,3.841571779462182e-4,6.992182771623769e-4,6.761442530522509e-4,0.0014175627745244427,0.0014986252229206244,0.003802602449916964,0.002235822925107802,0.7801823319685516,0.7597472409707808,0.8107740299337689,0.827292042083382,0.8480577663477946,0.8707572947535939,0.8787619350366042,0.8974365058755642,0.8854976664544755,0.9007568281199019,9.986127702594865e-4,9.603828783524124e-4,3.046762340799943e-4,2.862173053057816e-4,1.184448719556791e-4,9.649099986511459e-5,8.24416554467608e-5,7.030824477259414e-5,1.5219579115105872e-4,1.1441396003828629e-4,5234799,-0.19470818667598738,0.26386272355570367,0.05732330601176712,0.22730937637710025,0.0668036922394301,0.3928476449968318,39147.33037108875,0.3712919842650501,12.59256419767011,11.666667,0.25,16.46160620848911,0.9180384013435091,-0.01214215206355216,0.011587919806941434,6216.470150967128,0.045486818939563106,0.22301070468174233,0.6171282633023006,0.017087380051558576,0.017271150239839318,0.03679331123856998,1.2005865119605217,5.73087887271049e-6,0.19442150066527675,-0.6303156245728117,-0.3904333776080208,-0.6710116290740963,45.48863223876371,49.136674283063016
Wyoming,0.7564938261493593,0.8366232417975361,0.7467183242394805,0.8756639364282905,0.7724512133996512,0.9051218737741596,0.779579223066291,0.8954758352302545,0.8185177506242342,0.8870258376817031,0.0027877161627207748,0.0018891943193177624,0.001741869335548396,9.481109964365616e-4,0.001339140434267242,4.817618152034173e-4,0.0012460519573019911,7.376703213073617e-4,0.0016547850316150129,0.0013043392096598557,0.7559755358112465,0.8263374631220545,0.7876562356070719,0.902469395774333,0.8165798894318268,0.8913291571610584,0.7950722858856376,0.8102960428710568,0,0,0.004322351371794007,0.002785008787367759,0.004582805922382058,0.002511476032189477,0.005341713744314766,0.002625695261465605,0.00794963902688511,0.0063360749531035975,0,0,0.7369231741417892,0.8296201727633518,0.7256569236823384,0.8632623725949795,0.7637665880611819,0.9058778832255647,0.7782471387257578,0.8994028056388401,0.818570598111607,0.8844645708971277,0.005374895277882816,0.0032428933397657075,0.0027135452150881018,0.0014237307179085206,0.0016018071275562045,5.632064525158526e-4,0.0013246354940094015,7.735311241143743e-4,0.0017083627862232908,0.001378605951057562,530830,-0.2921095261538963,0.8820264232594688,0.006665034104922782,0.08462355082979109,0.029895315738194712,0.5849860639552964,34027.66381855585,0.3869468722301678,14.087777723492922,0,0,15.753825565852665,1.7632136498962006,0.021606009452774324,0.023302744810828318,1248.5800234104033,-0.07035329948477399,0.04902836953229659,0.6432536848991811,0.01936895252497003,0.021195141013537828,0.022811912375784716,0.3612011184562354,0.0012358005456144152,0.18341844268594465,-1.134699217356894,-1.636909318707816,-0.9730191210881564,41.33093515923228,56.45096337825189
