par_pctile,w2_or_sc_nz_30_f,w2_or_sc_nz_30_m,w2_pos_30_f,w2_pos_30_m,w2_or_sc_nz_30_f_sp,w2_or_sc_nz_30_m_sp,w2_pos_30_f_sp,w2_pos_30_m_sp,w2_or_sc_nz_30_f_tp,w2_or_sc_nz_30_m_tp,w2_pos_30_f_tp,w2_pos_30_m_tp,w2_nonemp_f,w2_nonemp_m,coll1823_f,coll1823_m,kid_indv_rank_26_f,kid_indv_rank_26_m,kid_indv_rank_30_f,kid_indv_rank_30_m,kid_rank_30_f,kid_rank_30_m,w2wages_30_f,w2wages_30_m
1,0.701873005,0.619218847,0.634008063,0.581318454,0.703665085,0.601712513,0.635264063,0.56646243,0.694450443,0.691996163,0.628805874,0.643077907,0.652843104,0.610952676,0.43887809,0.291377515,0.332736888,0.3317213,0.331520241,0.328640029,0.320086162,0.282093884,20034.86678,24414.30422
2,0.722179168,0.651329964,0.655949563,0.616340736,0.726417608,0.63445032,0.659640802,0.602561718,0.70660793,0.7110234,0.642388644,0.665069073,0.674905222,0.645715943,0.449288888,0.295981463,0.34564827,0.349095221,0.3425815,0.34885419,0.333740507,0.300275284,20437.47176,26142.30185
3,0.736014823,0.668702195,0.671579955,0.631374919,0.739409014,0.651728553,0.674605964,0.618083744,0.724646867,0.723966649,0.661445129,0.674649636,0.690962463,0.662262145,0.459616169,0.3024218,0.352987896,0.361580876,0.349440995,0.358979631,0.344359557,0.308928635,20642.04854,25736.81502
4,0.744417547,0.687325876,0.680913227,0.652771425,0.747730399,0.671440746,0.685144429,0.640212222,0.734007607,0.736626568,0.667617566,0.691749851,0.700634417,0.68505967,0.467593153,0.313595327,0.358757068,0.369839418,0.356086894,0.370133277,0.352395685,0.318353547,21004.72479,26099.3033
5,0.7567874,0.696941632,0.694530912,0.658317371,0.760913383,0.679759337,0.700140818,0.645504598,0.744630654,0.746272305,0.678001953,0.695103072,0.713042941,0.692268833,0.477521773,0.320263301,0.364045086,0.375642547,0.363433717,0.375367301,0.360338494,0.32433425,21515.28948,27079.10969
6,0.762119551,0.70614265,0.698309574,0.667931967,0.766816269,0.689057515,0.704179523,0.656117962,0.748915701,0.752249457,0.681807428,0.699813838,0.71811053,0.702954932,0.487416983,0.324547473,0.368670142,0.382419439,0.366766942,0.381498254,0.363489887,0.330046291,21455.30341,27499.22598
7,0.764112365,0.713109041,0.70182685,0.675177934,0.769851344,0.696724923,0.710388988,0.663298575,0.748713291,0.755036079,0.678852558,0.70557727,0.721924255,0.707998057,0.494803684,0.333671034,0.372312995,0.387554404,0.368637829,0.387516063,0.368485954,0.335798375,21802.47185,27410.56049
8,0.765373504,0.72122219,0.705716055,0.684064432,0.771159965,0.705611502,0.714150592,0.674182337,0.750497384,0.759052624,0.684032127,0.708012382,0.725670656,0.716112209,0.502012424,0.339070492,0.373866171,0.392756675,0.370945248,0.392561611,0.373447378,0.341127633,21956.07532,27385.37976
9,0.769208621,0.730434049,0.711644455,0.693148488,0.774827326,0.714650409,0.721022694,0.684406535,0.755541437,0.767719049,0.688832416,0.71379922,0.731470056,0.726804668,0.507012489,0.345920166,0.37794355,0.398314995,0.374406685,0.398142593,0.376852716,0.34508044,22184.41441,27952.86127
10,0.775101974,0.731696015,0.715380495,0.693887438,0.78260742,0.713674046,0.72752603,0.682730558,0.757389077,0.772499141,0.686716966,0.719147473,0.735074781,0.727988879,0.515087764,0.353786647,0.380677145,0.402538257,0.37690278,0.398223783,0.378513134,0.346681468,22231.87033,27775.75422
11,0.778919728,0.735645073,0.723080395,0.697097279,0.785503483,0.720160173,0.733148389,0.688556907,0.763910382,0.769610162,0.700127834,0.715830012,0.740907133,0.731477172,0.522508842,0.359620889,0.385207833,0.405951834,0.381903047,0.403660012,0.384432456,0.351792975,22587.47334,28003.65467
12,0.781006045,0.740087266,0.725683844,0.702978056,0.78792929,0.72042876,0.735313374,0.68996427,0.765704137,0.781066249,0.704400447,0.730105841,0.744985145,0.736105228,0.531391471,0.361854466,0.387546722,0.409992593,0.383586622,0.409369581,0.389552706,0.356651395,22674.215,29061.72579
13,0.783671379,0.74717173,0.730321655,0.711601203,0.791709376,0.728685613,0.741664154,0.699600355,0.766624041,0.784356259,0.706265985,0.735740717,0.748514649,0.7438456,0.537337662,0.37133536,0.389276014,0.413635613,0.386314617,0.412276394,0.392047131,0.359357667,22871.74928,28188.82689
14,0.786085746,0.750365675,0.731972483,0.712335446,0.792449355,0.731632389,0.741313689,0.700523865,0.773336613,0.786017601,0.713257902,0.73481445,0.750829204,0.745680792,0.542146579,0.378240905,0.393770264,0.417539553,0.390624625,0.41466634,0.397254278,0.363077984,23107.03457,28765.37219
15,0.78641637,0.754201946,0.731851058,0.71681621,0.794631964,0.735580987,0.7450183,0.706092724,0.770559111,0.788456938,0.706436421,0.736543062,0.751344557,0.750494966,0.548798865,0.382868222,0.394880616,0.420220863,0.392204714,0.420562488,0.39928563,0.368295921,23390.6908,29468.13215
16,0.785460113,0.756255637,0.730904502,0.720137593,0.794088764,0.736167982,0.743497957,0.706816916,0.769217008,0.792011662,0.707197806,0.743848397,0.75070341,0.751746125,0.556547846,0.389042833,0.398754989,0.424798198,0.392502924,0.421756012,0.401834148,0.370532499,23407.96291,28996.85579
17,0.791832198,0.760077585,0.73899261,0.724806038,0.8016664,0.740885417,0.752475565,0.712139423,0.774171271,0.792963387,0.714779006,0.746510298,0.757518371,0.757589813,0.560539196,0.394974223,0.401375466,0.425953774,0.396778649,0.425546148,0.405883159,0.373808646,23687.88808,29251.83266
18,0.791808662,0.764399336,0.738356362,0.728928954,0.800151003,0.745466779,0.751830089,0.716904962,0.777654005,0.795902374,0.715495154,0.748936408,0.756593758,0.761352413,0.56709177,0.400864449,0.405129314,0.431261201,0.398685447,0.428995404,0.410259091,0.376304776,23874.46774,29380.72785
19,0.793160813,0.764596496,0.741610187,0.728863343,0.801706811,0.74504026,0.75524729,0.716463937,0.779019683,0.796063513,0.719044763,0.748814643,0.760751694,0.761257739,0.571876962,0.406437853,0.40754745,0.434572888,0.401559596,0.430778398,0.413159771,0.378560001,24204.32227,29537.21462
20,0.7962508,0.769714166,0.744038648,0.732765868,0.806507942,0.75070232,0.760737432,0.720251101,0.779879944,0.798954499,0.717386644,0.752013656,0.76233045,0.764943254,0.580667138,0.411160068,0.408489477,0.437100498,0.40398469,0.434661363,0.417907626,0.382564809,24238.23045,29818.16365
21,0.79545876,0.77422548,0.74291719,0.739643226,0.803308446,0.750554051,0.755188712,0.722658036,0.783604862,0.809541304,0.724385829,0.764983731,0.762058805,0.772982877,0.584340565,0.416779612,0.411897329,0.440338593,0.406647943,0.440386698,0.419862104,0.388313167,24589.49091,30620.53912
22,0.796419385,0.774347294,0.744582776,0.739529293,0.808736143,0.752265645,0.761545679,0.724110757,0.778534665,0.805958669,0.719951559,0.761601969,0.763823439,0.77093087,0.588566419,0.424573007,0.413197319,0.443338949,0.406830167,0.441443339,0.422701939,0.390217348,24620.49641,30637.24332
23,0.803436298,0.781053913,0.752098582,0.745776584,0.813232181,0.761578735,0.766055046,0.734668473,0.789573554,0.807208182,0.732347948,0.760694267,0.770561965,0.778451659,0.596394356,0.429384894,0.41722877,0.448247013,0.412886964,0.448407523,0.428439111,0.396547198,25039.84591,30839.67402
24,0.800924784,0.784017233,0.75080148,0.750248147,0.810132474,0.762543172,0.764088793,0.735915624,0.788519055,0.812328633,0.73289918,0.769144144,0.768783395,0.781018352,0.60284362,0.437338298,0.419303482,0.45131409,0.413094531,0.44982281,0.43099295,0.397874469,25584.3191,30728.44418
25,0.799822174,0.782606871,0.749596791,0.749281232,0.807957909,0.76055379,0.76115313,0.733772129,0.789215453,0.810087203,0.734530558,0.768607118,0.768247798,0.781494617,0.60787608,0.441708091,0.422265291,0.453276818,0.416478034,0.452141206,0.435350038,0.40060429,25439.25929,31258.68279
26,0.80402281,0.790582819,0.753385174,0.758083081,0.811660035,0.770974796,0.766611608,0.743929106,0.794598601,0.814117322,0.737063974,0.775071369,0.772275791,0.789138851,0.612049007,0.449240517,0.424007392,0.458533594,0.418711755,0.457909532,0.43926954,0.407627788,25713.84925,31502.53284
27,0.805694068,0.790084101,0.754464009,0.757156939,0.812132621,0.764346042,0.765684429,0.737785145,0.798179536,0.819272255,0.741368487,0.779125453,0.773644245,0.788007802,0.616152775,0.456441756,0.42756344,0.461594898,0.421401275,0.459696259,0.443770682,0.409433238,25937.40794,31875.15451
28,0.807705061,0.794928705,0.756165292,0.759961473,0.816387631,0.772822665,0.768761079,0.744127855,0.798067253,0.818763326,0.742183742,0.777033201,0.776080739,0.79145292,0.621932329,0.460518786,0.428082213,0.463012677,0.421684496,0.462743216,0.445413559,0.411737491,25910.44606,32223.07949
29,0.804957276,0.800100673,0.755984524,0.767318945,0.818192685,0.77800206,0.773567615,0.750648816,0.790660641,0.823021706,0.736991608,0.784609469,0.774646722,0.798590575,0.62878899,0.46776606,0.432081733,0.468312391,0.424564241,0.468398281,0.448983538,0.418227046,26268.24116,32810.5945
30,0.805561906,0.804054195,0.754307568,0.76990042,0.816075787,0.781965629,0.768336574,0.754149334,0.794945698,0.825865073,0.740142022,0.785453489,0.773512356,0.802133567,0.630793391,0.473352374,0.433118326,0.471067636,0.424552253,0.472063565,0.451973841,0.423577233,26377.34615,32231.24866
31,0.808731463,0.803492083,0.757108093,0.769071907,0.815831022,0.777724748,0.769490079,0.749219021,0.801980198,0.827353449,0.74533355,0.787456306,0.777408016,0.801781505,0.640626305,0.479955875,0.435424922,0.472969132,0.428266616,0.473158081,0.458702994,0.422759289,26650.83668,33789.77506
32,0.811964922,0.809811478,0.761951382,0.774877617,0.822958983,0.78726251,0.777268161,0.759254304,0.801943139,0.829574327,0.747989169,0.788570535,0.781594351,0.808207478,0.642192885,0.487107922,0.438530596,0.478156164,0.432851599,0.478736904,0.461503933,0.429082388,26861.62973,33220.64833
33,0.809283615,0.81003435,0.760593618,0.776704486,0.826254302,0.778084207,0.781063213,0.75137893,0.794809408,0.836485407,0.74313521,0.797671144,0.779998749,0.809097533,0.649977262,0.489794251,0.44052584,0.482317411,0.433714041,0.483372915,0.465295222,0.433453434,27142.29535,33421.62487
34,0.811920281,0.811834098,0.761510821,0.777607012,0.823201574,0.785687576,0.776227051,0.757502103,0.802836024,0.832741544,0.749660582,0.793683424,0.781022813,0.810857962,0.655683078,0.499676514,0.441907478,0.486681701,0.435069303,0.484317895,0.468709865,0.436025398,27324.40591,33624.55946
35,0.814705454,0.822110469,0.765548647,0.787972372,0.82212478,0.792843233,0.777465326,0.764118793,0.808963482,0.844063835,0.756326079,0.805864953,0.784471107,0.819043048,0.658785523,0.506286908,0.444287326,0.489291831,0.437533484,0.490382014,0.473541418,0.44142159,27222.51621,33439.57697
36,0.81305111,0.82122905,0.7644281,0.789246329,0.825299386,0.792511701,0.780466942,0.764480902,0.804352487,0.841407355,0.75303745,0.806647808,0.784299386,0.820959066,0.666617509,0.51219206,0.446922473,0.493099038,0.438383442,0.492698962,0.475879316,0.443610187,27580.5455,34401.12765
37,0.812347532,0.822966308,0.764579554,0.791979689,0.819011565,0.793855302,0.775138723,0.768869647,0.807866657,0.842289315,0.757479601,0.807319438,0.783615855,0.823111981,0.670327199,0.520778261,0.448560204,0.49501676,0.440051317,0.498243273,0.479554342,0.448683567,27793.56915,34568.67618
38,0.816565327,0.826660298,0.767023966,0.793267434,0.824028344,0.796928879,0.777592871,0.76955819,0.811809381,0.845306481,0.760288735,0.808136785,0.787124679,0.826681065,0.678184635,0.526814512,0.4512479,0.500091546,0.442897672,0.498643105,0.482380235,0.451650152,27925.08566,34044.70008
39,0.818844667,0.828878227,0.769100595,0.796435915,0.829253229,0.800779045,0.780291971,0.773230213,0.812676759,0.845233792,0.762468807,0.809943154,0.788843623,0.827008952,0.683309024,0.533743403,0.453390465,0.503153917,0.445528506,0.503420729,0.486976002,0.455896619,28103.99882,34719.30075
40,0.816634018,0.833531163,0.769370233,0.800545595,0.822407354,0.799836075,0.777707555,0.771441953,0.813348157,0.852133161,0.764625094,0.816612799,0.789501105,0.83080319,0.686443125,0.539325702,0.456655141,0.507408058,0.444044931,0.506673186,0.49033985,0.459438825,27923.39385,34878.02213
41,0.81878037,0.836314128,0.770251793,0.804505229,0.825297925,0.805123898,0.781803884,0.77848443,0.815305728,0.852656397,0.764093137,0.81813895,0.790698164,0.834870145,0.690071733,0.546182961,0.455705299,0.5098113,0.446237186,0.509602917,0.49201317,0.462678466,28290.32198,35255.84403
42,0.819629203,0.838170406,0.772682518,0.805667765,0.829748313,0.810995916,0.787737337,0.781903864,0.814597579,0.851535942,0.765196663,0.817355832,0.79130617,0.836886044,0.697414643,0.553252886,0.459991963,0.51259979,0.450268883,0.512722196,0.496576537,0.466220337,28607.49715,35465.25425
43,0.824643653,0.837221305,0.776100576,0.80559455,0.82971542,0.806200064,0.784381205,0.778331735,0.822282475,0.852020125,0.772245502,0.818600396,0.795526216,0.835322048,0.701620708,0.561201313,0.461030075,0.51529985,0.450111896,0.514704184,0.499494308,0.469756148,28456.99496,35863.21499
44,0.821053736,0.841168445,0.771053736,0.809600595,0.823829267,0.810665952,0.78033032,0.781522176,0.819813527,0.854780841,0.766908616,0.822131197,0.791456759,0.839204499,0.706367225,0.566711401,0.461902674,0.516765508,0.449933053,0.517208257,0.499262412,0.471976034,28726.96137,35659.59259
45,0.822155111,0.845747983,0.77622583,0.81243534,0.828906471,0.811048557,0.787016106,0.781351161,0.81930442,0.860199297,0.771669749,0.825381008,0.795331572,0.844527209,0.713790124,0.570353861,0.465994001,0.520398605,0.453218682,0.521959466,0.505162062,0.475623785,28891.91957,35766.2759
46,0.82678504,0.848089488,0.779225958,0.816743859,0.840404485,0.816487819,0.798490511,0.789153132,0.821318274,0.860696517,0.771493279,0.827750781,0.798178231,0.847014308,0.716660853,0.577067165,0.466693475,0.523816375,0.45499382,0.525369636,0.506872097,0.479050685,28803.37257,36268.19798
47,0.828916773,0.847329826,0.781909211,0.815718606,0.835913077,0.813495358,0.795501334,0.784285607,0.826266536,0.86012848,0.776760441,0.827608851,0.801747073,0.846169781,0.722413627,0.586001038,0.47058824,0.527181374,0.459162331,0.527102856,0.511875547,0.481578286,29302.23901,36818.80023
48,0.828855055,0.85338969,0.781189135,0.821999834,0.837665444,0.819554849,0.793892521,0.792766296,0.825716477,0.86531779,0.776663732,0.832305795,0.801315211,0.852084369,0.72940295,0.589703792,0.471259717,0.52835989,0.459799048,0.531230987,0.51436514,0.485457316,29293.9001,36836.64939
49,0.827833782,0.852862905,0.78093628,0.822030022,0.829774812,0.816640214,0.787823186,0.788488848,0.827185926,0.864865613,0.778637642,0.833144186,0.800743013,0.851282798,0.734156638,0.593573608,0.474571472,0.53157626,0.460881441,0.532184448,0.519047901,0.48797555,29493.13357,36865.50099
50,0.831524927,0.854011726,0.784206117,0.822647138,0.840211091,0.816159148,0.798944545,0.78631882,0.828749896,0.865797338,0.779497526,0.833958164,0.804294093,0.852893041,0.73960689,0.604999969,0.476990988,0.534067133,0.462840419,0.53514597,0.519982993,0.491490698,29660.4789,37262.26479
51,0.830198197,0.860761846,0.784484752,0.830907402,0.836142581,0.818434005,0.793681496,0.793378076,0.828440717,0.87345679,0.781765699,0.842163178,0.803610837,0.858697223,0.742887277,0.610247539,0.478641406,0.537898983,0.466274454,0.542417639,0.524417895,0.49634247,29944.48815,37555.64496
52,0.832592189,0.859474555,0.785879096,0.828982209,0.834595721,0.818431002,0.793220981,0.786672968,0.832021988,0.870974576,0.78378961,0.840836864,0.805701221,0.858481589,0.750061521,0.617487596,0.479789743,0.540170281,0.466687285,0.543640968,0.525202681,0.499138033,30092.35721,38836.99241
53,0.834691185,0.862488346,0.78905481,0.832445872,0.835020144,0.824474904,0.794340179,0.798244749,0.834602076,0.872599937,0.787623104,0.841543385,0.807757555,0.860147105,0.755346738,0.622571146,0.484054211,0.542033022,0.470074456,0.546279589,0.531080564,0.502855873,30112.30258,37966.67097
54,0.835745022,0.86442003,0.790056531,0.835555281,0.838666253,0.82566488,0.799523662,0.798058449,0.834997748,0.874318775,0.787634765,0.845132629,0.809842221,0.862362671,0.758163068,0.631343573,0.485279418,0.545089911,0.471038958,0.546860306,0.532516867,0.502915547,30399.40766,38058.18808
55,0.83869334,0.863691517,0.792373597,0.833768638,0.845750935,0.82394142,0.804596473,0.796030988,0.836957379,0.873246263,0.789367129,0.842839651,0.81254748,0.862087404,0.764791653,0.638260459,0.488379647,0.547721937,0.475244595,0.549222491,0.536901871,0.506167621,30684.75235,38287.32925
56,0.837938541,0.867055019,0.79081889,0.83776276,0.837764759,0.829183879,0.794276701,0.801942615,0.837978198,0.875690537,0.790029823,0.845930603,0.810181696,0.864961234,0.768972565,0.643870582,0.48879531,0.549013829,0.474523002,0.552804884,0.538730463,0.509777749,30637.82884,38521.80679
57,0.840830522,0.868196504,0.794045549,0.838393671,0.843727684,0.832988268,0.801951916,0.80584311,0.84021156,0.875928265,0.792356396,0.845541804,0.814389575,0.867388783,0.774807085,0.64843196,0.493234671,0.552194417,0.477556906,0.555385343,0.543311117,0.510557158,30839.47179,38824.60997
58,0.839879344,0.87004889,0.795827311,0.841875207,0.838673622,0.823822244,0.801291605,0.794560466,0.84012397,0.879558397,0.794718674,0.851608552,0.814826452,0.870649652,0.781494294,0.656853405,0.496123359,0.553873511,0.48107796,0.557249731,0.545943425,0.514650949,31174.79597,38987.98265
59,0.844664499,0.870166711,0.797474769,0.840154583,0.836032926,0.825131152,0.794344132,0.796902323,0.846296761,0.87903841,0.798066784,0.848674983,0.817216334,0.868131642,0.786074574,0.662513388,0.496349213,0.558059093,0.481651028,0.56173431,0.546248627,0.517877352,31138.70147,39696.77158
60,0.843796051,0.875195844,0.797629574,0.845613095,0.85032538,0.830040053,0.806670282,0.802536716,0.842595823,0.883441416,0.795967702,0.853478961,0.817102438,0.872825101,0.794170172,0.670649367,0.500030836,0.559513225,0.484844635,0.56231701,0.551659192,0.520181378,31490.46518,39532.77937
61,0.843522318,0.873054041,0.79731597,0.845069547,0.841733871,0.826771654,0.799539171,0.799915636,0.843826556,0.881057162,0.796937776,0.852877532,0.816598275,0.871499347,0.798352366,0.676454839,0.502785161,0.559958974,0.485025333,0.56682125,0.553449345,0.524439103,31600.11159,39794.04451
62,0.848215412,0.875756137,0.801677387,0.84753391,0.845876521,0.827508961,0.800961394,0.799880526,0.848595938,0.883495843,0.801793875,0.855178362,0.821961576,0.874785804,0.803780518,0.682981782,0.505208312,0.562776919,0.488539955,0.568598365,0.557083181,0.525798892,31826.04267,39937.85624
63,0.847735845,0.880334487,0.803506332,0.850716757,0.845694532,0.83996972,0.805153991,0.809538229,0.84805198,0.886690347,0.803251162,0.857200753,0.822196936,0.877553963,0.807607858,0.692079103,0.506663613,0.566399508,0.493193773,0.572556404,0.560887521,0.529473986,32069.15484,39994.29768
64,0.848346925,0.878745444,0.803843479,0.848884862,0.839720093,0.828932448,0.800733089,0.801393164,0.849595947,0.886000094,0.804293813,0.855801444,0.823545525,0.876068288,0.813734311,0.700168567,0.510328147,0.567753253,0.494815184,0.573077188,0.56277113,0.531601482,32342.74349,40617.68036
65,0.850745325,0.88051376,0.806068018,0.853446679,0.842386465,0.844112212,0.801068566,0.817235008,0.851867796,0.885596997,0.80673937,0.858503401,0.826329883,0.879566927,0.818814476,0.706815262,0.513373978,0.570746194,0.497155141,0.577476507,0.566107115,0.536197248,32605.18565,40465.42902
66,0.853941526,0.88139983,0.810609869,0.853345213,0.847312999,0.831885086,0.806826434,0.80652598,0.854805871,0.887950451,0.81110322,0.859539227,0.829123733,0.88036384,0.82402563,0.711524437,0.516872027,0.571691974,0.500195294,0.579246508,0.569041026,0.538327196,32696.48706,41428.58993
67,0.854160109,0.882149799,0.81181408,0.853447206,0.844379845,0.835976861,0.80251938,0.807986565,0.855347688,0.88790437,0.812942699,0.859113003,0.830364075,0.881363994,0.829622966,0.720382744,0.518265981,0.573212859,0.503265566,0.579632876,0.572140166,0.539548175,33031.42689,41316.32894
68,0.852954707,0.887159695,0.807180795,0.860225764,0.844242424,0.85523961,0.806262626,0.827997614,0.853960627,0.890878762,0.807286807,0.863980724,0.827485258,0.885105412,0.834862326,0.7275178,0.521665462,0.576651043,0.503201759,0.585638538,0.572864979,0.543566953,33216.4919,41990.65746
69,0.855797269,0.886369748,0.811365877,0.856870979,0.854510801,0.83929297,0.814697162,0.808411215,0.855938715,0.891706396,0.810999604,0.862364403,0.830413896,0.882977183,0.839653522,0.734627187,0.52447284,0.577203184,0.510088962,0.586114798,0.579324956,0.544599281,33820.16614,41605.84517
70,0.856280143,0.888645159,0.813692598,0.861204809,0.844492441,0.839783784,0.806911447,0.810378378,0.857547608,0.893816651,0.814421737,0.866584283,0.832941917,0.886306728,0.84682918,0.743702881,0.52709227,0.579521742,0.509940906,0.590673993,0.580894221,0.548803339,33946.74882,42362.65329
71,0.855836968,0.888578407,0.811891983,0.860200364,0.857206704,0.835677607,0.818547486,0.80933244,0.855695148,0.893983985,0.811202888,0.865398216,0.83199849,0.886881106,0.851973727,0.751564865,0.529659175,0.581806496,0.510375708,0.591491764,0.581638748,0.550131555,33819.39669,42594.91601
72,0.857995727,0.89060849,0.813900876,0.862597634,0.854497355,0.844369369,0.812890813,0.815990991,0.858329509,0.895292856,0.813997246,0.867319232,0.833822112,0.888681708,0.856081168,0.7559035,0.531266808,0.583377342,0.514977361,0.595584214,0.587603215,0.555150023,34394.07224,43095.06847
73,0.858360518,0.889830509,0.813469431,0.861561302,0.845702627,0.840743532,0.79648049,0.815875408,0.859499014,0.894220186,0.814997477,0.865646832,0.833484163,0.888634583,0.861910279,0.763564204,0.534924368,0.583067769,0.518853236,0.594964524,0.59123186,0.554866754,34840.03959,43040.21665
74,0.860556438,0.890310786,0.818405882,0.862639189,0.855887054,0.843302659,0.818859883,0.814672802,0.860953719,0.894469067,0.818367254,0.866882236,0.836953797,0.888233339,0.865761572,0.772276056,0.53845168,0.586787994,0.520656622,0.597700779,0.591664589,0.557857435,35003.0252,43489.8296
75,0.86352373,0.89158469,0.820453591,0.863602546,0.848868535,0.837018837,0.809806035,0.812175812,0.864762686,0.896053661,0.82135374,0.867814422,0.8400042,0.889683393,0.872463675,0.780506356,0.541202785,0.589441159,0.525479021,0.601786457,0.596732081,0.560695975,35306.04814,43799.21584
76,0.865948458,0.895235356,0.824735953,0.867066631,0.848593657,0.85761681,0.807600239,0.831075477,0.867266694,0.898255427,0.826037547,0.869956053,0.845078158,0.892646545,0.876675499,0.788642438,0.543761574,0.587069735,0.529865617,0.604760644,0.600748865,0.563194459,35538.12289,43889.54087
77,0.865381402,0.895545953,0.822290918,0.867126475,0.846035648,0.835543767,0.799631223,0.802239906,0.866792165,0.900096104,0.823943346,0.872047024,0.841674325,0.89348928,0.881403114,0.794826404,0.547509033,0.591292477,0.531182493,0.606265967,0.603410183,0.566658607,35921.7303,44376.63899
78,0.863392801,0.895256386,0.820294606,0.867686843,0.839475328,0.848861912,0.797626483,0.817905918,0.865118165,0.898643858,0.821929844,0.871321574,0.83992099,0.892922785,0.887602035,0.803327914,0.550043073,0.593106385,0.533914856,0.610773333,0.607396665,0.570268767,36538.03837,44910.08638
79,0.864349212,0.898561523,0.82281533,0.871075235,0.844626968,0.849104859,0.806639288,0.815217391,0.865636307,0.901985084,0.823870997,0.874941908,0.841684837,0.89585015,0.892285731,0.810635102,0.552474418,0.593997051,0.536370594,0.613035086,0.609685178,0.572201507,36598.63677,46922.58603
80,0.867631004,0.895235142,0.825831374,0.867142119,0.845442084,0.849522555,0.802604524,0.809680606,0.869079036,0.898297234,0.82734714,0.870991222,0.84588092,0.893416021,0.89676027,0.817123629,0.554794954,0.594592834,0.540995405,0.610921057,0.611424195,0.571629039,37473.50676,45107.90813
81,0.869624645,0.895680707,0.826306382,0.867387581,0.848207754,0.846023114,0.810534016,0.816111489,0.870931037,0.898890476,0.827268468,0.870701966,0.846703817,0.892750273,0.902965728,0.824991302,0.559017878,0.595906758,0.542798652,0.611761779,0.61458222,0.573579195,37364.93126,46155.10072
82,0.872362337,0.89777842,0.830958386,0.869533799,0.855871886,0.864480874,0.818505338,0.837887067,0.873397364,0.89977894,0.831740005,0.871435138,0.850483396,0.894454309,0.907086472,0.833734609,0.562093512,0.599149601,0.549252297,0.618411734,0.618151069,0.579819907,37890.86261,47523.95133
83,0.871171924,0.898612438,0.829621893,0.870695027,0.860437376,0.852774632,0.816302187,0.823329558,0.87176717,0.901281516,0.83036049,0.873453059,0.849467307,0.895787462,0.913044039,0.841161496,0.566944966,0.598517177,0.550402931,0.62016579,0.621638772,0.58047708,38291.77881,46060.28736
84,0.87244534,0.90106504,0.831004239,0.872670872,0.858270825,0.86351706,0.816818002,0.833145857,0.873240997,0.903256873,0.831800554,0.874978112,0.850791053,0.898107745,0.915675571,0.849469604,0.566998753,0.600070286,0.55448216,0.624533992,0.625141486,0.58500903,38463.95683,48045.35459
85,0.873621784,0.900675325,0.832337955,0.87254026,0.855874894,0.846588615,0.809805579,0.822769479,0.874544176,0.903610235,0.833509073,0.875240974,0.85278149,0.898888312,0.920374313,0.85637229,0.572023776,0.602722159,0.556885694,0.626723392,0.625571514,0.588417989,38863.97625,48258.75231
86,0.87506293,0.899526282,0.834787716,0.871248009,0.853574505,0.846119536,0.812661499,0.819357716,0.876163175,0.90212369,0.835920617,0.873771665,0.85419114,0.897561077,0.924884142,0.863774634,0.574025564,0.601946493,0.564274363,0.627443509,0.632648281,0.588765665,39637.01703,49498.9661
87,0.877857939,0.901052197,0.836106262,0.873158655,0.845184519,0.86377709,0.801530153,0.831932773,0.879459853,0.902876063,0.837801461,0.875175832,0.85695055,0.899669899,0.928898519,0.87017878,0.579661894,0.603875604,0.568119632,0.630217584,0.6368031,0.592849423,40232.40137,49891.71211
88,0.876873237,0.904640299,0.83517609,0.875843455,0.84366454,0.857465043,0.807201459,0.824537664,0.878469256,0.906916514,0.836520558,0.878318969,0.85645313,0.902356483,0.933271721,0.881273674,0.581051315,0.606618129,0.570622753,0.635702562,0.639474338,0.597249141,40851.85493,49475.06335
89,0.878775868,0.905050127,0.837825434,0.875202796,0.869645325,0.860410831,0.817134961,0.829598506,0.879209003,0.907131661,0.838806949,0.877329328,0.859708778,0.901888598,0.9381355,0.887793504,0.584867743,0.606757775,0.57605515,0.639611649,0.643768455,0.601522195,41357.20954,50594.50133
90,0.882432658,0.902888778,0.841485281,0.87293956,0.854886476,0.844099077,0.809476802,0.808159301,0.883647525,0.905520885,0.842896948,0.875839875,0.862167459,0.899912587,0.941807913,0.89449166,0.587830461,0.607568957,0.579830097,0.639871178,0.64399097,0.603156473,41646.10455,51416.15017
91,0.881592123,0.90416658,0.839118825,0.874378549,0.858362632,0.868762475,0.811652436,0.829840319,0.882598759,0.905706657,0.840309065,0.876315961,0.862316422,0.902668858,0.946645516,0.902389991,0.592437006,0.608959176,0.584428272,0.643672833,0.651174492,0.605499498,42581.37088,52720.83543
92,0.883199834,0.902506673,0.842484136,0.872184685,0.859813084,0.863390663,0.818795431,0.821621622,0.884176077,0.90424026,0.843472984,0.874425594,0.864683241,0.899086587,0.949640705,0.910462293,0.596332256,0.610843442,0.590792557,0.646632705,0.656051796,0.611415296,43639.4013,53483.79209
93,0.883352799,0.904057428,0.841536665,0.872055764,0.852557673,0.850526316,0.803911735,0.809473684,0.884689037,0.906260832,0.843169256,0.874631716,0.865103863,0.90093633,0.952654445,0.917753974,0.597797336,0.610931345,0.596744074,0.652405553,0.659528561,0.615835345,44402.18881,54482.06392
94,0.881916512,0.906234383,0.839943313,0.873563218,0.877086495,0.864699898,0.831562974,0.826551373,0.882124071,0.908007295,0.840303439,0.875569934,0.863055666,0.903381643,0.957357838,0.924618475,0.599793542,0.611320384,0.597587483,0.655668006,0.663696176,0.618598383,44998.64663,55465.15584
95,0.87999583,0.905505256,0.836380694,0.870787803,0.858084136,0.855903615,0.812468322,0.81686747,0.880935815,0.907744181,0.837406506,0.873221666,0.860981966,0.901633885,0.959623341,0.929780345,0.603956092,0.612855516,0.601752593,0.658833158,0.667887947,0.623667608,46266.48363,57215.31942
96,0.879295319,0.900485132,0.833022078,0.864392957,0.855980861,0.857748469,0.807655502,0.821008008,0.880352262,0.902470514,0.834172053,0.866408455,0.859042995,0.897536699,0.961492612,0.934773645,0.600821031,0.612913208,0.603567881,0.65943328,0.668936206,0.624303895,47168.39658,57847.03232
97,0.877217544,0.89713028,0.828990534,0.859981727,0.856145251,0.850912328,0.802141527,0.812194037,0.878207793,0.899392303,0.830252248,0.862320577,0.85688614,0.894264712,0.964695094,0.940875735,0.602392131,0.611759416,0.603057167,0.661551526,0.67305098,0.627983827,47726.75966,60976.19779
98,0.872093509,0.893435635,0.824984346,0.853367434,0.855126999,0.853240741,0.800094073,0.807407407,0.872881356,0.895325801,0.826140136,0.855528705,0.853683991,0.889942403,0.96729162,0.945978489,0.601818071,0.609668577,0.607969635,0.660657838,0.676054495,0.630181305,49249.9233,64000.78616
99,0.869153617,0.890428919,0.817002732,0.847578614,0.845441248,0.834002006,0.789858606,0.785356068,0.870213044,0.892871876,0.818215484,0.850272488,0.847947119,0.886849389,0.969784034,0.951777572,0.600425798,0.609267642,0.611262333,0.667162563,0.679456064,0.636735648,50365.11708,68828.06001
100,0.84607906,0.874527985,0.788283723,0.827368465,0.807117071,0.818045862,0.750902527,0.771186441,0.847707094,0.877009329,0.789845703,0.829836626,0.823221563,0.87031132,0.969705158,0.954585847,0.614812144,0.631310706,0.615524633,0.678781933,0.681685993,0.648745785,54231.84377,81073.71045